Model_Name,FRECUENCIA,LIMITE_IZQ,LIMITE_DER,PROFUNDIDAD,BALANCED,VAL_PCT,TEST_PCT,ACC_TEST,ACC_VAL,Duration,Exposure,Buy & Hold Return [%],_strategy,Pred_Equity_Final_$,Pred_Equity_Peak_$,Pred_Return_%,Pred_#_Trades,Pred_Win_Rate,Commission,Cash
XGBoost,4H,-0.002,0.0025,1,True,0.2,0.2,0.7157954331005849,0.7336730841827105,5298.0,98.77312193280486,4.5838586455412615,limits_Pred,1087.9112385020321,1172.7832010801014,8.791123850203189,72.0,45.83333333333333,0.0001,1000
XGBoost,4H,-0.0029,0.0029,1,True,0.2,0.2,0.8848839403661068,0.8610796526991318,5298.0,65.15666289165722,4.5838586455412615,limits_Pred,1043.5965827934438,1185.1195337748434,4.3596582793443766,2.0,50.0,0.0001,1000
XGBoost,4H,-0.0029,0.0029,1,True,0.2,0.15,0.9129340714645192,0.8578708946772367,3973.0,0.0,5.6463797640268165,limits_Pred,1000.0,1000.0,0.0,0.0,,0.0001,1000
XGBoost,4H,-0.0029,0.0029,1,True,0.25,0.2,0.9114927344782034,0.8484070662841613,5298.0,61.155152887882224,4.5838586455412615,limits_Pred,1061.6265788593441,1141.9902475100162,6.162657885934414,10.0,50.0,0.0001,1000
XGBoost,4H,-0.0029,0.0029,1,True,0.25,0.15,0.8764469048817313,0.8709044239770497,3973.0,55.247923483513716,5.6463797640268165,limits_Pred,935.7697674630356,1062.6702394596543,-6.423023253696441,2.0,0.0,0.0001,1000
XGBoost,4H,-0.0029,0.0029,2,True,0.2,0.2,0.9082845819966032,0.8595696489241224,5298.0,0.0,4.5838586455412615,limits_Pred,990.6934184691183,1117.5982169144104,-0.9306581530881658,0.0,,0.0001,1000
XGBoost,4H,-0.0029,0.0029,2,True,0.2,0.15,0.9129340714645192,0.8578708946772367,3973.0,0.0,5.6463797640268165,limits_Pred,1000.0,1000.0,0.0,0.0,,0.0001,1000
XGBoost,4H,-0.0029,0.0029,2,True,0.25,0.2,0.8788450651066239,0.817907292767628,5298.0,95.31898829747074,4.5838586455412615,limits_Pred,1192.3666091117666,1261.8776581784455,19.236660911176635,45.0,64.44444444444444,0.0001,1000
XGBoost,4H,-0.0029,0.0029,2,True,0.25,0.15,0.9051333668847508,0.871206401932659,3973.0,0.0,5.6463797640268165,limits_Pred,942.5857621163092,1063.3281168435817,-5.741423788369072,0.0,,0.0001,1000
XGBoost,4H,-0.0029,0.0029,3,True,0.2,0.2,0.9058312889224382,0.8629671574178935,5298.0,74.97168742921858,4.5838586455412615,limits_Pred,1080.1734030191137,1185.727077687509,8.01734030191135,8.0,62.5,0.0001,1000
XGBoost,4H,-0.0029,0.0029,3,True,0.2,0.15,0.9129340714645192,0.8576821442053605,3973.0,0.0,5.6463797640268165,limits_Pred,1000.0,1000.0,0.0,0.0,,0.0001,1000
XGBoost,4H,-0.0029,0.0029,3,True,0.25,0.2,0.8411020947348556,0.7990336705420504,5298.0,98.03699509248771,4.5838586455412615,limits_Pred,1285.9985914259241,1338.7203416295147,28.59985914259241,120.0,44.16666666666666,0.0001,1000
XGBoost,4H,-0.0029,0.0029,3,True,0.25,0.15,0.9018621036738802,0.873924203533142,3973.0,67.48049332997735,5.6463797640268165,limits_Pred,967.1694354583967,1061.6804534618511,-3.2830564541603167,6.0,66.66666666666666,0.0001,1000
XGBoost,4H,-0.0029,0.0029,4,True,0.2,0.2,0.9039441404038496,0.8546621366553416,5298.0,0.0,4.5838586455412615,limits_Pred,1045.2029839333163,1179.0902910837374,4.520298393331632,0.0,,0.0001,1000
XGBoost,4H,-0.0029,0.0029,4,True,0.2,0.15,0.9129340714645192,0.8578708946772367,3973.0,0.0,5.6463797640268165,limits_Pred,1000.0,1000.0,0.0,0.0,,0.0001,1000
XGBoost,4H,-0.0029,0.0029,4,True,0.25,0.2,0.8931873938478958,0.8558055261965877,5298.0,93.20498301245752,4.5838586455412615,limits_Pred,1010.592276318176,1128.3421535647765,1.0592276318176004,24.0,37.5,0.0001,1000
XGBoost,4H,-0.0029,0.0029,4,True,0.25,0.15,0.9001006542526422,0.8668277215763249,3973.0,0.0,5.6463797640268165,limits_Pred,942.0025876046178,1062.6702394596543,-5.799741239538219,0.0,,0.0001,1000
XGBoost,4H,-0.0029,0.0029,5,True,0.2,0.2,0.9092281562558974,0.8584371460928653,5298.0,0.0,4.5838586455412615,limits_Pred,1045.2029839333163,1179.0902910837374,4.520298393331632,0.0,,0.0001,1000
XGBoost,4H,-0.0029,0.0029,5,True,0.2,0.15,0.9129340714645192,0.8576821442053605,3973.0,0.0,5.6463797640268165,limits_Pred,1000.0,1000.0,0.0,0.0,,0.0001,1000
XGBoost,4H,-0.0029,0.0029,5,True,0.25,0.2,0.8854500849216833,0.8431224520609996,5298.0,94.12986032465082,4.5838586455412615,limits_Pred,1271.183245246794,1273.4246666115935,27.11832452467941,50.0,48.0,0.0001,1000
XGBoost,4H,-0.0029,0.0029,5,True,0.25,0.15,0.9058882737795672,0.8706024460214404,3973.0,0.0,5.6463797640268165,limits_Pred,947.0754896254953,1004.0152105377748,-5.292451037450474,0.0,,0.0001,1000
XGBoost,4H,-0.0029,0.0029,6,True,0.2,0.2,0.8743159086620117,0.8569271423178558,5298.0,73.40505851264628,4.5838586455412615,limits_Pred,1070.4137841920256,1188.546305154111,7.041378419202554,10.0,70.0,0.0001,1000
XGBoost,4H,-0.0029,0.0029,6,True,0.2,0.15,0.9129340714645192,0.8578708946772367,3973.0,0.0,5.6463797640268165,limits_Pred,1000.0,1000.0,0.0,0.0,,0.0001,1000
XGBoost,4H,-0.0029,0.0029,6,True,0.25,0.2,0.9048877146631441,0.8407066284161256,5298.0,96.97999244998111,4.5838586455412615,limits_Pred,1380.1193196258155,1382.5528231671408,38.01193196258155,24.0,66.66666666666666,0.0001,1000
XGBoost,4H,-0.0029,0.0029,6,True,0.25,0.15,0.8648716658278812,0.8660727766873019,3973.0,64.18323684872892,5.6463797640268165,limits_Pred,957.0488481900273,1062.6702394596543,-4.295115180997266,4.0,75.0,0.0001,1000
XGBoost,4H,-0.0029,0.0029,7,True,0.2,0.2,0.9067748631817324,0.8576821442053605,5298.0,95.96073990184976,4.5838586455412615,limits_Pred,1071.7300683912476,1186.5663059888768,7.173006839124764,2.0,100.0,0.0001,1000
XGBoost,4H,-0.0029,0.0029,7,True,0.2,0.15,0.912179164569703,0.8571158927897321,3973.0,0.0,5.6463797640268165,limits_Pred,997.4324061226823,1027.6717699888318,-0.25675938773175633,0.0,,0.0001,1000
XGBoost,4H,-0.0029,0.0029,7,True,0.25,0.2,0.8880920928477071,0.8305903669032161,5298.0,95.73423933559832,4.5838586455412615,limits_Pred,1259.7958496154615,1293.4329091609554,25.979584961546177,54.0,53.70370370370371,0.0001,1000
XGBoost,4H,-0.0029,0.0029,7,True,0.25,0.15,0.9038751887267236,0.8692435452211988,3973.0,95.79662723382836,5.6463797640268165,limits_Pred,960.1176418510872,1062.9945703735748,-3.9882358148912656,2.0,50.0,0.0001,1000
XGBoost,4H,-0.0029,0.0029,8,True,0.2,0.2,0.8739384789582941,0.8469233673084182,5298.0,94.29973574933938,4.5838586455412615,limits_Pred,1093.0717995354878,1185.803226407201,9.30717995354878,6.0,66.66666666666666,0.0001,1000
XGBoost,4H,-0.0029,0.0029,8,True,0.2,0.15,0.9129340714645192,0.8576821442053605,3973.0,0.0,5.6463797640268165,limits_Pred,1000.0,1000.0,0.0,0.0,,0.0001,1000
XGBoost,4H,-0.0029,0.0029,8,True,0.25,0.2,0.8999811285148142,0.8612411293975539,5298.0,96.41374103435257,4.5838586455412615,limits_Pred,1169.8301676886795,1248.2944948438112,16.983016768867948,24.0,29.16666666666667,0.0001,1000
XGBoost,4H,-0.0029,0.0029,8,True,0.25,0.15,0.8663814796175139,0.85686244904122,3973.0,91.92046312610118,5.6463797640268165,limits_Pred,979.5679798227256,1062.6702394596543,-2.0432020177274244,6.0,50.0,0.0001,1000
XGBoost,4H,-0.0029,0.0029,9,True,0.2,0.2,0.9141347424042272,0.8652321630804077,5298.0,0.0,4.5838586455412615,limits_Pred,1045.2029839333163,1179.0902910837374,4.520298393331632,0.0,,0.0001,1000
XGBoost,4H,-0.0029,0.0029,9,True,0.2,0.15,0.9129340714645192,0.8573046432616082,3973.0,0.0,5.6463797640268165,limits_Pred,1000.0,1000.0,0.0,0.0,,0.0001,1000
XGBoost,4H,-0.0029,0.0029,9,True,0.25,0.2,0.9009247027741084,0.8561075041521969,5298.0,53.661759154397885,4.5838586455412615,limits_Pred,1182.0863060492802,1270.4821281981774,18.208630604928018,10.0,60.0,0.0001,1000
XGBoost,4H,-0.0029,0.0029,9,True,0.25,0.15,0.9119275289380976,0.876340027178016,3973.0,0.0,5.6463797640268165,limits_Pred,942.0025876046178,1062.6702394596543,-5.799741239538219,0.0,,0.0001,1000
XGBoost,4H,-0.0029,0.0029,10,True,0.2,0.2,0.9018682770334026,0.8584371460928653,5298.0,87.31596828992072,4.5838586455412615,limits_Pred,1060.2655049854884,1184.7499957843056,6.02655049854884,6.0,66.66666666666666,0.0001,1000
XGBoost,4H,-0.0029,0.0029,10,True,0.2,0.15,0.9129340714645192,0.8578708946772367,3973.0,0.0,5.6463797640268165,limits_Pred,1000.0,1000.0,0.0,0.0,,0.0001,1000
XGBoost,4H,-0.0029,0.0029,10,True,0.25,0.2,0.8977165502925081,0.8204741053903065,5298.0,88.78822197055494,4.5838586455412615,limits_Pred,1159.4846048931054,1161.5290729706078,15.948460489310515,28.0,53.57142857142857,0.0001,1000
XGBoost,4H,-0.0029,0.0029,10,True,0.25,0.15,0.8978359335681932,0.8695455231768081,3973.0,83.84092625220238,5.6463797640268165,limits_Pred,951.0129580780084,1062.6702394596543,-4.898704192199137,6.0,50.0,0.0001,1000
XGBoost,4H,-0.0029,0.0029,11,True,0.2,0.2,0.9048877146631441,0.8578708946772367,5298.0,74.19781049452624,4.5838586455412615,limits_Pred,1169.2658184134002,1221.7659775833345,16.92658184134002,14.0,50.0,0.0001,1000
XGBoost,4H,-0.0029,0.0029,11,True,0.2,0.15,0.9129340714645192,0.8574933937334843,3973.0,0.0,5.6463797640268165,limits_Pred,1000.0,1000.0,0.0,0.0,,0.0001,1000
XGBoost,4H,-0.0029,0.0029,11,True,0.25,0.2,0.8884695225514248,0.8384417937490564,5298.0,89.93959984899963,4.5838586455412615,limits_Pred,1044.6357657340345,1084.7946127299122,4.4635765734034525,46.0,47.82608695652174,0.0001,1000
XGBoost,4H,-0.0029,0.0029,11,True,0.25,0.15,0.9001006542526422,0.8701494790880265,3973.0,68.5124590989177,5.6463797640268165,limits_Pred,1064.483493213974,1112.2789148772304,6.448349321397406,14.0,50.0,0.0001,1000
XGBoost,4H,-0.0029,0.0029,12,True,0.2,0.2,0.8567654274391394,0.8372970932427332,5298.0,82.38958097395243,4.5838586455412615,limits_Pred,1044.8981891458625,1185.803226407201,4.489818914586226,6.0,50.0,0.0001,1000
XGBoost,4H,-0.0029,0.0029,12,True,0.2,0.15,0.9129340714645192,0.8571158927897321,3973.0,0.0,5.6463797640268165,limits_Pred,1000.0,1000.0,0.0,0.0,,0.0001,1000
XGBoost,4H,-0.0029,0.0029,12,True,0.25,0.2,0.9079071522928854,0.8644118979314509,5298.0,95.46998867497169,4.5838586455412615,limits_Pred,1060.3974042397006,1173.2968903356034,6.0397404239700565,12.0,33.33333333333333,0.0001,1000
XGBoost,4H,-0.0029,0.0029,12,True,0.25,0.15,0.8472571716155007,0.8468971765061151,3973.0,76.64233576642336,5.6463797640268165,limits_Pred,936.9763878313147,1063.3281168435817,-6.3023612168685075,6.0,50.0,0.0001,1000
XGBoost,4H,-0.0029,0.0029,13,True,0.2,0.2,0.8850726552179656,0.8499433748584372,5298.0,88.3352208380521,4.5838586455412615,limits_Pred,1107.9200145938662,1186.9257421935727,10.792001459386618,20.0,55.00000000000001,0.0001,1000
XGBoost,4H,-0.0029,0.0029,13,True,0.2,0.15,0.9129340714645192,0.8569271423178558,3973.0,0.0,5.6463797640268165,limits_Pred,1000.0,1000.0,0.0,0.0,,0.0001,1000
XGBoost,4H,-0.0029,0.0029,13,True,0.25,0.2,0.902434421588979,0.8462932205948965,5298.0,62.30653076632692,4.5838586455412615,limits_Pred,1018.9243305260584,1142.6303708119794,1.8924330526058268,22.0,40.90909090909091,0.0001,1000
XGBoost,4H,-0.0029,0.0029,13,True,0.25,0.15,0.8794665324609965,0.8603351955307262,3973.0,76.264787314372,5.6463797640268165,limits_Pred,951.9113671435518,1013.74967138466,-4.808863285644816,20.0,50.0,0.0001,1000
XGBoost,4H,-0.0029,0.0029,14,True,0.2,0.2,0.8954519720702019,0.8540958852397131,5298.0,33.993959984899966,4.5838586455412615,limits_Pred,1055.2342994757494,1177.5228060935915,5.523429947574936,2.0,100.0,0.0001,1000
XGBoost,4H,-0.0029,0.0029,14,True,0.2,0.15,0.9129340714645192,0.8578708946772367,3973.0,0.0,5.6463797640268165,limits_Pred,1000.0,1000.0,0.0,0.0,,0.0001,1000
XGBoost,4H,-0.0029,0.0029,14,True,0.25,0.2,0.9030005661445556,0.8382908047712517,5298.0,50.0,4.5838586455412615,limits_Pred,1115.8379254756883,1176.7242456099707,11.583792547568828,9.0,77.7777777777778,0.0001,1000
XGBoost,4H,-0.0029,0.0029,14,True,0.25,0.15,0.8917966784096628,0.8645628869092556,3973.0,12.559778504908133,5.6463797640268165,limits_Pred,950.710468154763,1060.8859651361965,-4.9289531845236985,2.0,100.0,0.0001,1000
XGBoost,4H,-0.0029,0.0029,15,True,0.2,0.2,0.9052651443668616,0.8578708946772367,5298.0,0.0,4.5838586455412615,limits_Pred,1052.3678733474933,1187.1729809294486,5.236787334749328,0.0,,0.0001,1000
XGBoost,4H,-0.0029,0.0029,15,True,0.2,0.15,0.9129340714645192,0.8578708946772367,3973.0,0.0,5.6463797640268165,limits_Pred,1000.0,1000.0,0.0,0.0,,0.0001,1000
XGBoost,4H,-0.0029,0.0029,15,True,0.25,0.2,0.8884695225514248,0.8183602597010419,5298.0,93.56360890902228,4.5838586455412615,limits_Pred,1224.4885796153865,1285.735702219351,22.44885796153865,46.0,58.69565217391305,0.0001,1000
XGBoost,4H,-0.0029,0.0029,15,True,0.25,0.15,0.9016104680422748,0.8695455231768081,3973.0,0.0,5.6463797640268165,limits_Pred,934.5728954616983,1054.288826465127,-6.54271045383016,0.0,,0.0001,1000
XGBoost,4H,-0.0029,0.0029,16,True,0.2,0.2,0.8905453859218722,0.8525858814647037,5298.0,68.57304643261608,4.5838586455412615,limits_Pred,1046.029886303871,1197.3676178275266,4.602988630387109,16.0,50.0,0.0001,1000
XGBoost,4H,-0.0029,0.0029,16,True,0.2,0.15,0.9129340714645192,0.8576821442053605,3973.0,0.0,5.6463797640268165,limits_Pred,1000.0,1000.0,0.0,0.0,,0.0001,1000
XGBoost,4H,-0.0029,0.0029,16,True,0.25,0.2,0.9075297225891678,0.8517288237958629,5298.0,57.58776896942243,4.5838586455412615,limits_Pred,945.048668696673,1002.2117142807699,-5.495133130332704,14.0,50.0,0.0001,1000
XGBoost,4H,-0.0029,0.0029,16,True,0.25,0.15,0.8860090588827378,0.8629020081534048,3973.0,57.613893783035486,5.6463797640268165,limits_Pred,926.2250206828533,1060.2295987029822,-7.377497931714674,14.0,42.857142857142854,0.0001,1000
XGBoost,4H,-0.0029,0.0029,17,True,0.2,0.2,0.9014908473296848,0.8616459041147603,5298.0,68.10117025292564,4.5838586455412615,limits_Pred,1053.827229726885,1173.9348690052582,5.382722972688499,2.0,100.0,0.0001,1000
XGBoost,4H,-0.0029,0.0029,17,True,0.2,0.15,0.9129340714645192,0.8571158927897321,3973.0,0.0,5.6463797640268165,limits_Pred,1000.0,1000.0,0.0,0.0,,0.0001,1000
XGBoost,4H,-0.0029,0.0029,17,True,0.25,0.2,0.9052651443668616,0.8417635512607579,5298.0,76.84031710079277,4.5838586455412615,limits_Pred,1102.140453632617,1135.554272959538,10.2140453632617,26.0,65.38461538461539,0.0001,1000
XGBoost,4H,-0.0029,0.0029,17,True,0.25,0.15,0.8963261197785607,0.8727162917107051,3973.0,32.695695947646605,5.6463797640268165,limits_Pred,967.7751833594664,1013.1140552198732,-3.2224816640533502,2.0,50.0,0.0001,1000
XGBoost,4H,-0.0029,0.0029,18,True,0.2,0.2,0.8933761086997547,0.8542846357115893,5298.0,95.8097395243488,4.5838586455412615,limits_Pred,1148.9835643844988,1250.3478370392406,14.898356438449873,8.0,62.5,0.0001,1000
XGBoost,4H,-0.0029,0.0029,18,True,0.2,0.15,0.9096628082536488,0.8576821442053605,3973.0,47.29423609363202,5.6463797640268165,limits_Pred,922.3426329318154,1009.8652074468539,-7.765736706818463,1.0,0.0,0.0001,1000
XGBoost,4H,-0.0029,0.0029,18,True,0.25,0.2,0.9043215701075674,0.858070360863657,5298.0,77.34994337485844,4.5838586455412615,limits_Pred,1007.835949390412,1081.3108917279862,0.7835949390411998,12.0,33.33333333333333,0.0001,1000
XGBoost,4H,-0.0029,0.0029,18,True,0.25,0.15,0.8867639657775541,0.8660727766873019,3973.0,93.70752579914421,5.6463797640268165,limits_Pred,1021.2055774427694,1111.2971712628282,2.1205577442769257,6.0,50.0,0.0001,1000
XGBoost,4H,-0.0029,0.0029,19,True,0.2,0.2,0.8943196829590488,0.8418271045677614,5298.0,95.4888637221593,4.5838586455412615,limits_Pred,1160.9980029991175,1238.7642504411135,16.09980029991177,4.0,50.0,0.0001,1000
XGBoost,4H,-0.0029,0.0029,19,True,0.2,0.15,0.9129340714645192,0.8578708946772367,3973.0,0.0,5.6463797640268165,limits_Pred,1000.0,1000.0,0.0,0.0,,0.0001,1000
XGBoost,4H,-0.0029,0.0029,19,True,0.25,0.2,0.8497829779203623,0.8378378378378378,5298.0,87.67459418648546,4.5838586455412615,limits_Pred,977.1669125840737,1135.5833697450062,-2.283308741592646,66.0,48.48484848484848,0.0001,1000
XGBoost,4H,-0.0029,0.0029,19,True,0.25,0.15,0.8915450427780574,0.8539936584629322,3973.0,94.23609363201612,5.6463797640268165,limits_Pred,1049.0138022811861,1119.2790970599312,4.901380228118592,4.0,50.0,0.0001,1000
XGBoost,4H,-0.0029,0.0029,20,True,0.2,0.2,0.9067748631817324,0.8586258965647414,5298.0,0.0,4.5838586455412615,limits_Pred,1044.289696912319,1178.0600147871864,4.428969691231896,0.0,,0.0001,1000
XGBoost,4H,-0.0029,0.0029,20,True,0.2,0.15,0.912682435832914,0.8573046432616082,3973.0,0.0,5.6463797640268165,limits_Pred,893.9667442408818,1008.4811514022732,-10.60332557591181,0.0,,0.0001,1000
XGBoost,4H,-0.0029,0.0029,20,True,0.25,0.2,0.913191168144933,0.85882530575268,5298.0,71.95167987919969,4.5838586455412615,limits_Pred,870.8296812494466,1078.6409637900315,-12.91703187505534,5.0,20.0,0.0001,1000
XGBoost,4H,-0.0029,0.0029,20,True,0.25,0.15,0.9028686462003019,0.8706024460214404,3973.0,0.0,5.6463797640268165,limits_Pred,960.0332139467313,1017.7519743490953,-3.996678605326883,0.0,,0.0001,1000
XGBoost,4H,-0.0029,0.0029,21,True,0.2,0.2,0.9041328552557086,0.8548508871272178,5298.0,67.78029445073611,4.5838586455412615,limits_Pred,1052.2575932546883,1180.5446012470188,5.225759325468834,2.0,100.0,0.0001,1000
XGBoost,4H,-0.0029,0.0029,21,True,0.2,0.15,0.9129340714645192,0.8576821442053605,3973.0,0.0,5.6463797640268165,limits_Pred,1000.0,1000.0,0.0,0.0,,0.0001,1000
XGBoost,4H,-0.0029,0.0029,21,True,0.25,0.2,0.9105491602189092,0.8589762947304846,5298.0,52.453756134390346,4.5838586455412615,limits_Pred,1065.2047540043322,1125.5020206324477,6.520475400433225,6.0,66.66666666666666,0.0001,1000
XGBoost,4H,-0.0029,0.0029,21,True,0.25,0.15,0.9021137393054856,0.8659217877094972,3973.0,57.03498615655676,5.6463797640268165,limits_Pred,947.1923614034002,1062.6702394596543,-5.280763859659976,2.0,50.0,0.0001,1000
XGBoost,4H,-0.0029,0.0029,22,True,0.2,0.2,0.8722400452915644,0.830879577198943,5298.0,68.23329558323897,4.5838586455412615,limits_Pred,1069.8932148066754,1195.8847466423074,6.989321480667536,4.0,75.0,0.0001,1000
XGBoost,4H,-0.0029,0.0029,22,True,0.2,0.15,0.9129340714645192,0.8576821442053605,3973.0,0.0,5.6463797640268165,limits_Pred,1000.0,1000.0,0.0,0.0,,0.0001,1000
XGBoost,4H,-0.0029,0.0029,22,True,0.25,0.2,0.8911115304774486,0.843726407972218,5298.0,95.24348810872029,4.5838586455412615,limits_Pred,1045.958723991418,1103.9784677163466,4.5958723991418085,58.0,55.17241379310346,0.0001,1000
XGBoost,4H,-0.0029,0.0029,22,True,0.25,0.15,0.8681429290387519,0.8416125622829533,3973.0,57.76491316385602,5.6463797640268165,limits_Pred,958.598097059744,1071.48342149383,-4.1401902940256035,4.0,75.0,0.0001,1000
XGBoost,4H,-0.0029,0.0029,23,True,0.2,0.2,0.8937535384034724,0.8605134012835032,5298.0,94.58286145715364,4.5838586455412615,limits_Pred,1038.772414685665,1186.364171648302,3.877241468566466,4.0,25.0,0.0001,1000
XGBoost,4H,-0.0029,0.0029,23,True,0.2,0.15,0.9129340714645192,0.8573046432616082,3973.0,0.0,5.6463797640268165,limits_Pred,1000.0,1000.0,0.0,0.0,,0.0001,1000
XGBoost,4H,-0.0029,0.0029,23,True,0.25,0.2,0.903566710700132,0.8357239921485732,5298.0,93.82785956964891,4.5838586455412615,limits_Pred,1071.364870926186,1216.965576852095,7.136487092618609,28.0,32.142857142857146,0.0001,1000
XGBoost,4H,-0.0029,0.0029,23,True,0.25,0.15,0.8882737795671867,0.8704514570436358,3973.0,94.76466146488801,5.6463797640268165,limits_Pred,930.4668473967893,1062.6702394596543,-6.9533152603210855,2.0,0.0,0.0001,1000
XGBoost,4H,-0.0029,0.0029,24,True,0.2,0.2,0.8824306472919419,0.8516421291053228,5298.0,0.0,4.5838586455412615,limits_Pred,1046.2163399895408,1180.233454953026,4.621633998954076,0.0,,0.0001,1000
XGBoost,4H,-0.0029,0.0029,24,True,0.2,0.15,0.9129340714645192,0.8578708946772367,3973.0,0.0,5.6463797640268165,limits_Pred,1000.0,1000.0,0.0,0.0,,0.0001,1000
XGBoost,4H,-0.0029,0.0029,24,True,0.25,0.2,0.8903566710700133,0.8547486033519553,5298.0,94.45073612684031,4.5838586455412615,limits_Pred,1002.7243184952484,1180.233454953026,0.272431849524844,4.0,25.0,0.0001,1000
XGBoost,4H,-0.0029,0.0029,24,True,0.25,0.15,0.8772018117765475,0.8609391514419448,3973.0,0.0,5.6463797640268165,limits_Pred,945.3034182540003,1066.3938964248807,-5.469658174599954,0.0,,0.0001,1000
XGBoost_2,4H,-0.0025,0.0025,1,True,0.25,0.2,0.8269484808454426,0.7839347727615884,5298.0,94.16761041902605,4.5838586455412615,limits_Pred,1097.4515819010146,1218.7865173926925,9.745158190101485,106.0,47.16981132075472,0.0001,1000
XGBoost_2,4H,-0.0025,0.0025,2,True,0.25,0.2,0.7140969994338554,0.7123659972821984,5298.0,99.66024915062289,4.5838586455412615,limits_Pred,1126.3382658992148,1128.7216314705431,12.633826589921474,340.0,55.88235294117647,0.0001,1000
XGBoost_2,4H,-0.0025,0.0025,3,True,0.25,0.2,0.5904887714663144,0.6152800845538275,5298.0,99.62249905624763,4.5838586455412615,limits_Pred,1158.2797715438146,1175.5861478366428,15.827977154381434,528.0,57.76515151515152,0.0001,1000
XGBoost_2,4H,-0.0025,0.0025,4,True,0.25,0.2,0.7229665974712209,0.7721576324928281,5298.0,94.62061155152887,4.5838586455412615,limits_Pred,1064.17558376875,1215.0078309829205,6.4175583768750135,118.0,58.474576271186436,0.0001,1000
XGBoost_2,4H,-0.0025,0.0025,5,True,0.25,0.2,0.7065484053595018,0.7179525894609694,5298.0,99.5847489618724,4.5838586455412615,limits_Pred,1011.898052034324,1124.5363490413097,1.189805203432388,234.0,48.71794871794872,0.0001,1000
XGBoost_2,4H,-0.0025,0.0025,6,True,0.25,0.2,0.8184563125117946,0.7955609240525442,5298.0,98.09362023405058,4.5838586455412615,limits_Pred,1046.1793987516555,1188.0550507968676,4.617939875165552,96.0,57.29166666666666,0.0001,1000
XGBoost_2,4H,-0.0025,0.0025,7,True,0.25,0.2,0.7148518588412908,0.7329004982636268,5298.0,99.4714986787467,4.5838586455412615,limits_Pred,1051.1668026962982,1144.1907385645122,5.116680269629819,372.0,52.41935483870967,0.0001,1000
XGBoost_2,4H,-0.0025,0.0025,8,True,0.25,0.2,0.8054349877335346,0.7662690623584478,5298.0,98.43337108342772,4.5838586455412615,limits_Pred,951.7459356093943,1065.2893096374582,-4.825406439060554,180.0,44.444444444444436,0.0001,1000
XGBoost_2,4H,-0.0025,0.0025,9,True,0.25,0.2,0.7669371579543309,0.770949720670391,5298.0,96.69686674216685,4.5838586455412615,limits_Pred,978.7406026905834,1087.1971014687194,-2.125939730941661,270.0,51.11111111111111,0.0001,1000
XGBoost_2,4H,-0.0025,0.0025,10,True,0.25,0.2,0.8473296848461974,0.802355428053752,5298.0,86.93846734616837,4.5838586455412615,limits_Pred,887.4782891465097,1077.6617897129076,-11.252171085349016,72.0,40.27777777777778,0.0001,1000
XGBoost_2,4H,-0.0025,0.002,1,True,0.25,0.2,0.5361388941309682,0.5302732900498264,5298.0,99.43374858437146,4.5838586455412615,limits_Pred,967.3907190989764,1027.1027787258733,-3.26092809010238,421.0,54.394299287410924,0.0001,1000
XGBoost_2,4H,-0.0025,0.002,2,True,0.25,0.2,0.6739007359879222,0.6309829382455081,5298.0,98.71649679124201,4.5838586455412615,limits_Pred,934.7218763627252,1060.8281284931902,-6.527812363727479,217.0,58.064516129032256,0.0001,1000
XGBoost_2,4H,-0.0025,0.002,3,True,0.25,0.2,0.44725419890545387,0.5264985656047109,5298.0,99.39599848999624,4.5838586455412615,limits_Pred,1015.8206727065233,1042.2775626581292,1.5820672706523282,477.0,52.620545073375254,0.0001,1000
XGBoost_2,4H,-0.0025,0.002,4,True,0.25,0.2,0.6065295338743161,0.6359655745130606,5298.0,99.77349943374857,4.5838586455412615,limits_Pred,1137.05015497086,1172.691976085229,13.705015497086015,449.0,52.78396436525612,0.0001,1000
XGBoost_2,4H,-0.0025,0.002,5,True,0.25,0.2,0.8182675976599358,0.7794051034274498,5298.0,98.26349565873915,4.5838586455412615,limits_Pred,1162.3067309612027,1248.6899675739205,16.230673096120267,73.0,57.534246575342465,0.0001,1000
XGBoost_2,4H,-0.0025,0.002,6,True,0.25,0.2,0.6052085299113039,0.6389853540691529,5298.0,99.75462438656095,4.5838586455412615,limits_Pred,1185.707880813938,1217.795977317425,18.57078808139379,394.0,52.79187817258885,0.0001,1000
XGBoost_2,4H,-0.0025,0.002,7,True,0.25,0.2,0.5959615021702208,0.6315868941567265,5298.0,99.39599848999624,4.5838586455412615,limits_Pred,959.0622451865604,1039.6755248507468,-4.093775481343949,453.0,52.097130242825614,0.0001,1000
XGBoost_2,4H,-0.0025,0.002,8,True,0.25,0.2,0.5714285714285714,0.6066737128189642,5298.0,99.5847489618724,4.5838586455412615,limits_Pred,990.9905993955223,1072.7003718204478,-0.9009400604477604,426.0,47.41784037558686,0.0001,1000
XGBoost_2,4H,-0.0025,0.002,9,True,0.25,0.2,0.5886016229477261,0.6125622829533444,5298.0,99.4714986787467,4.5838586455412615,limits_Pred,1053.5330808225458,1216.5455606001215,5.35330808225458,497.0,51.91146881287725,0.0001,1000
XGBoost_2,4H,-0.0025,0.002,10,True,0.25,0.2,0.676542743913946,0.68986863958931,5298.0,96.24386560966404,4.5838586455412615,limits_Pred,1033.4233213525536,1057.2082843799276,3.342332135255357,290.0,54.82758620689654,0.0001,1000
XGBoost_2,4H,-0.0025,0.0018,1,True,0.25,0.2,0.7759954708435554,0.7027027027027027,5298.0,91.41185352963385,4.5838586455412615,limits_Pred,1045.7917972277921,1047.6357957907082,4.57917972277919,100.0,51.0,0.0001,1000
XGBoost_2,4H,-0.0025,0.0018,2,True,0.25,0.2,0.746744668805435,0.7101011626151291,5298.0,98.01812004530012,4.5838586455412615,limits_Pred,960.7086357970315,1005.7242942253844,-3.9291364202968233,87.0,58.620689655172406,0.0001,1000
XGBoost_2,4H,-0.0025,0.0018,3,True,0.25,0.2,0.7720324589545198,0.7280688509738789,5298.0,92.33673084182709,4.5838586455412615,limits_Pred,1096.2208504836747,1140.9424458815245,9.622085048367467,96.0,47.91666666666667,0.0001,1000
XGBoost_2,4H,-0.0025,0.0018,4,True,0.25,0.2,0.7476882430647291,0.7362222557753284,5298.0,98.45224613061531,4.5838586455412615,limits_Pred,1221.2674474796256,1273.3679412198328,22.126744747962537,236.0,52.54237288135593,0.0001,1000
XGBoost_2,4H,-0.0025,0.0018,5,True,0.25,0.2,0.7878845065106624,0.7194624792390155,5298.0,96.90449226123066,4.5838586455412615,limits_Pred,1003.1216364261328,1092.5299367484718,0.3121636426132796,77.0,62.337662337662344,0.0001,1000
XGBoost_2,4H,-0.0025,0.0018,6,True,0.25,0.2,0.782411775806756,0.7110070964819568,5298.0,95.5643639109098,4.5838586455412615,limits_Pred,1180.124038928328,1272.0257628261147,18.012403892832797,135.0,53.33333333333334,0.0001,1000
XGBoost_2,4H,-0.0025,0.0018,7,True,0.25,0.2,0.7618418569541423,0.7436207156877548,5298.0,98.58437146092865,4.5838586455412615,limits_Pred,1119.0050192205902,1159.9754289721,11.900501922059016,160.0,60.62499999999999,0.0001,1000
XGBoost_2,4H,-0.0025,0.0018,8,True,0.25,0.2,0.7324023400641629,0.6871508379888268,5298.0,98.47112117780294,4.5838586455412615,limits_Pred,1032.3599650543517,1072.5538642909246,3.2359965054351507,221.0,53.84615384615386,0.0001,1000
XGBoost_2,4H,-0.0025,0.0018,9,True,0.25,0.2,0.7533496886204945,0.6796013890985958,5298.0,97.90486976217441,4.5838586455412615,limits_Pred,1243.4565916784336,1285.9427562781489,24.345659167843362,203.0,56.15763546798029,0.0001,1000
XGBoost_2,4H,-0.0025,0.0018,10,True,0.25,0.2,0.73127005095301,0.7031556696361165,5298.0,99.03737259343148,4.5838586455412615,limits_Pred,1198.1859018727052,1255.178348738788,19.818590187270523,160.0,51.24999999999999,0.0001,1000
XGBoost_2,4H,-0.002,0.0025,1,True,0.25,0.2,0.7273070390639743,0.6866978710554129,5298.0,99.5847489618724,4.5838586455412615,limits_Pred,1119.5499213376038,1139.3656047630361,11.954992133760381,343.0,50.437317784256564,0.0001,1000
XGBoost_2,4H,-0.002,0.0025,2,True,0.25,0.2,0.7716550292508021,0.6836780914993206,5298.0,98.9241223103058,4.5838586455412615,limits_Pred,1106.1958985643696,1217.346612028347,10.61958985643696,224.0,50.44642857142857,0.0001,1000
XGBoost_2,4H,-0.002,0.0025,3,True,0.25,0.2,0.7814682015474618,0.7416578589762948,5298.0,99.30162325405813,4.5838586455412615,limits_Pred,1277.7037182616375,1292.4597440849095,27.770371826163768,163.0,58.28220858895706,0.0001,1000
XGBoost_2,4H,-0.002,0.0025,4,True,0.25,0.2,0.6997546706925835,0.6495545825154764,5298.0,99.52812382030956,4.5838586455412615,limits_Pred,1049.9063476695276,1080.0205239497543,4.990634766952756,329.0,48.632218844984806,0.0001,1000
XGBoost_2,4H,-0.002,0.0025,5,True,0.25,0.2,0.7829779203623325,0.6974180884795409,5298.0,98.75424688561722,4.5838586455412615,limits_Pred,1190.768762157666,1192.86839221023,19.07687621576661,148.0,55.405405405405396,0.0001,1000
XGBoost_2,4H,-0.002,0.0025,6,True,0.25,0.2,0.7754293262879789,0.7363732447531329,5298.0,99.35824839562099,4.5838586455412615,limits_Pred,1164.3039507056046,1195.2676616307108,16.43039507056044,168.0,59.523809523809526,0.0001,1000
XGBoost_2,4H,-0.002,0.0025,7,True,0.25,0.2,0.7359879222494811,0.7294277517741204,5298.0,99.45262363155909,4.5838586455412615,limits_Pred,1012.3136522727167,1024.8057314439754,1.2313652272716695,286.0,51.74825174825176,0.0001,1000
XGBoost_2,4H,-0.002,0.0025,8,True,0.25,0.2,0.6954142290998302,0.7135739091046354,5298.0,99.7923744809362,4.5838586455412615,limits_Pred,1009.8968357666237,1097.0561274900208,0.9896835766623668,399.0,53.1328320802005,0.0001,1000
XGBoost_2,4H,-0.002,0.0025,9,True,0.25,0.2,0.8084544253632758,0.7425637928431225,5298.0,98.50887127217821,4.5838586455412615,limits_Pred,1021.20047641267,1134.6549393506248,2.1200476412670133,150.0,45.33333333333333,0.0001,1000
XGBoost_2,4H,-0.002,0.0025,10,True,0.25,0.2,0.6772976033213814,0.6327948059791635,5298.0,99.07512268780673,4.5838586455412615,limits_Pred,872.2192134104918,1040.3056198177449,-12.778078658950825,460.0,45.65217391304348,0.0001,1000
XGBoost_2,4H,-0.002,0.002,1,True,0.25,0.2,0.5316097376863559,0.5663596557451306,5298.0,99.54699886749715,4.5838586455412615,limits_Pred,944.4374871302721,1053.621977268425,-5.5562512869727945,590.0,51.1864406779661,0.0001,1000
XGBoost_2,4H,-0.002,0.002,2,True,0.25,0.2,0.5355727495753916,0.6068247017967688,5298.0,99.7923744809362,4.5838586455412615,limits_Pred,971.3447991155867,1105.793858655861,-2.8655200884413365,646.0,52.012383900928796,0.0001,1000
XGBoost_2,4H,-0.002,0.002,3,True,0.25,0.2,0.6046423853557275,0.6355126075796467,5298.0,99.81124952812382,4.5838586455412615,limits_Pred,1192.778655106295,1371.5672252438706,19.2778655106295,410.0,55.609756097560975,0.0001,1000
XGBoost_2,4H,-0.002,0.002,4,True,0.25,0.2,0.6346480468012833,0.6380794202023252,5298.0,99.71687429218572,4.5838586455412615,limits_Pred,1034.9804052198042,1182.1340740100427,3.49804052198042,422.0,49.05213270142181,0.0001,1000
XGBoost_2,4H,-0.002,0.002,5,True,0.25,0.2,0.6376674844310247,0.6660123810961801,5298.0,99.64137410343523,4.5838586455412615,limits_Pred,1009.3613905174284,1189.6124217125052,0.9361390517428392,459.0,51.19825708061003,0.0001,1000
XGBoost_2,4H,-0.002,0.002,6,True,0.25,0.2,0.6125684091337988,0.5808545976143742,5298.0,99.50924877312193,4.5838586455412615,limits_Pred,1075.9461728837275,1161.6776231806632,7.594617288372773,291.0,50.85910652920961,0.0001,1000
XGBoost_2,4H,-0.002,0.002,7,True,0.25,0.2,0.6144555576523872,0.603200966329458,5298.0,99.71687429218572,4.5838586455412615,limits_Pred,1027.1434571503944,1127.8775259476527,2.7143457150394172,580.0,48.96551724137931,0.0001,1000
XGBoost_2,4H,-0.002,0.002,8,True,0.25,0.2,0.663521419135686,0.5998792088177562,5298.0,99.07512268780673,4.5838586455412615,limits_Pred,850.3058589878598,1048.5966453315655,-14.96941410121401,389.0,50.385604113110546,0.0001,1000
XGBoost_2,4H,-0.002,0.002,9,True,0.25,0.2,0.5903000566144555,0.5633398761890382,5298.0,99.49037372593428,4.5838586455412615,limits_Pred,1083.6772208661066,1110.8550661006982,8.36772208661066,547.0,53.0164533820841,0.0001,1000
XGBoost_2,4H,-0.002,0.002,10,True,0.25,0.2,0.5636912625023589,0.6522723841159596,5298.0,99.7923744809362,4.5838586455412615,limits_Pred,927.033305246515,1078.6923441646845,-7.296669475348494,543.0,48.06629834254144,0.0001,1000
XGBoost_2,4H,-0.002,0.0018,1,True,0.25,0.2,0.6263445933194942,0.6157330514872414,5298.0,99.45262363155909,4.5838586455412615,limits_Pred,970.144235777696,1077.074883699334,-2.985576422230406,453.0,51.65562913907285,0.0001,1000
XGBoost_2,4H,-0.002,0.0018,2,True,0.25,0.2,0.5531232307982639,0.4573456137701948,5298.0,97.52736881842205,4.5838586455412615,limits_Pred,1016.155560521512,1036.5808498076988,1.6155560521512142,189.0,53.43915343915343,0.0001,1000
XGBoost_2,4H,-0.002,0.0018,3,True,0.25,0.2,0.7061709756557841,0.6379284312245206,5298.0,94.69611174027935,4.5838586455412615,limits_Pred,1040.2367126889465,1108.207305117712,4.0236712688946445,241.0,49.792531120331965,0.0001,1000
XGBoost_2,4H,-0.002,0.0018,4,True,0.25,0.2,0.7233440271749386,0.6616337007398461,5298.0,97.54624386560964,4.5838586455412615,limits_Pred,1080.03693660616,1162.6500371869784,8.003693660616,200.0,52.0,0.0001,1000
XGBoost_2,4H,-0.002,0.0018,5,True,0.25,0.2,0.6869220607661823,0.6119583270421259,5298.0,73.44280860702152,4.5838586455412615,limits_Pred,1103.877536250404,1152.4499194825005,10.387753625040409,65.0,60.0,0.0001,1000
XGBoost_2,4H,-0.002,0.0018,6,True,0.25,0.2,0.5833176070956785,0.5497508681866223,5298.0,99.11287278218195,4.5838586455412615,limits_Pred,1029.4993843345826,1142.043800169114,2.94993843345826,343.0,53.93586005830904,0.0001,1000
XGBoost_2,4H,-0.002,0.0018,7,True,0.25,0.2,0.5812417437252312,0.5521666918314962,5298.0,99.33937334843336,4.5838586455412615,limits_Pred,1162.2909940182997,1196.8742397626013,16.229099401829945,399.0,48.120300751879704,0.0001,1000
XGBoost_2,4H,-0.002,0.0018,8,True,0.25,0.2,0.7625967163615777,0.6524233730937642,5298.0,97.4896187240468,4.5838586455412615,limits_Pred,1079.1122523448612,1154.3981436931845,7.9112252344861185,137.0,55.47445255474452,0.0001,1000
XGBoost_2,4H,-0.002,0.0018,9,True,0.25,0.2,0.6320060388752595,0.6299260154008758,5298.0,99.20724801812004,4.5838586455412615,limits_Pred,1052.0390134208408,1156.983375108273,5.203901342084079,228.0,51.75438596491229,0.0001,1000
XGBoost_2,4H,-0.002,0.0018,10,True,0.25,0.2,0.6906963578033591,0.6539332628718103,5298.0,98.82974707436769,4.5838586455412615,limits_Pred,930.1697644985243,1086.7191264248777,-6.983023550147573,328.0,47.2560975609756,0.0001,1000
XGBoost_2,4H,-0.0018,0.0025,1,True,0.25,0.2,0.4110209473485563,0.5864411897931451,5298.0,98.65987164967913,4.5838586455412615,limits_Pred,858.0514389561853,1011.8580681597044,-14.194856104381484,765.0,49.15032679738562,0.0001,1000
XGBoost_2,4H,-0.0018,0.0025,2,True,0.25,0.2,0.6174749952821287,0.6942473199456439,5298.0,98.67874669686674,4.5838586455412615,limits_Pred,1050.7091905760096,1084.7582207243224,5.070919057600963,369.0,53.11653116531166,0.0001,1000
XGBoost_2,4H,-0.0018,0.0025,3,True,0.25,0.2,0.7027741083223249,0.7055714932809904,5298.0,99.07512268780673,4.5838586455412615,limits_Pred,965.0906357843564,1088.9835494569743,-3.4909364215643564,388.0,49.22680412371135,0.0001,1000
XGBoost_2,4H,-0.0018,0.0025,4,True,0.25,0.2,0.5429326287978864,0.62026272082138,5298.0,99.45262363155909,4.5838586455412615,limits_Pred,1152.0751777979974,1180.9535190219294,15.207517779799742,631.0,54.35816164817749,0.0001,1000
XGBoost_2,4H,-0.0018,0.0025,5,True,0.25,0.2,0.5087752406114361,0.5797976747697418,5298.0,99.45262363155909,4.5838586455412615,limits_Pred,996.2532583080837,1024.9872801409242,-0.3746741691916327,519.0,50.481695568400774,0.0001,1000
XGBoost_2,4H,-0.0018,0.0025,6,True,0.25,0.2,0.5848273259105492,0.6503095274044994,5298.0,99.6791241978105,4.5838586455412615,limits_Pred,829.9862954707828,1051.2718119316467,-17.00137045292173,563.0,45.8259325044405,0.0001,1000
XGBoost_2,4H,-0.0018,0.0025,7,True,0.25,0.2,0.4997169277222117,0.6065227238411596,5298.0,99.39599848999624,4.5838586455412615,limits_Pred,1098.3894670607276,1121.5588654896908,9.838946706072784,725.0,54.06896551724138,0.0001,1000
XGBoost_2,4H,-0.0018,0.0025,8,True,0.25,0.2,0.5240611436120023,0.5923297599275253,5298.0,99.62249905624763,4.5838586455412615,limits_Pred,947.3593030388763,1043.6932393477825,-5.26406969611237,759.0,48.74835309617918,0.0001,1000
XGBoost_2,4H,-0.0018,0.0025,9,True,0.25,0.2,0.681260615210417,0.6953042427902764,5298.0,99.54699886749715,4.5838586455412615,limits_Pred,1212.0260055073807,1328.6363995146326,21.202600550738065,297.0,55.55555555555557,0.0001,1000
XGBoost_2,4H,-0.0018,0.0025,10,True,0.25,0.2,0.637290054727307,0.6596708440283859,5298.0,99.56587391468479,4.5838586455412615,limits_Pred,1060.0489874555244,1090.1604563699157,6.004898745552441,439.0,46.24145785876994,0.0001,1000
XGBoost_2,4H,-0.0018,0.002,1,True,0.25,0.2,0.4725419890545386,0.5459761437415068,5298.0,99.13174782936956,4.5838586455412615,limits_Pred,1022.9367549055254,1052.9136229953185,2.293675490552539,497.0,49.69818913480886,0.0001,1000
XGBoost_2,4H,-0.0018,0.002,2,True,0.25,0.2,0.6297414606529533,0.6533293069605919,5298.0,98.05587013967535,4.5838586455412615,limits_Pred,1009.3192109152284,1170.1646668585813,0.9319210915228496,392.0,46.68367346938776,0.0001,1000
XGBoost_2,4H,-0.0018,0.002,3,True,0.25,0.2,0.6155878467635403,0.6648044692737429,5298.0,99.39599848999624,4.5838586455412615,limits_Pred,828.4950031145728,1065.3067464087917,-17.15049968854273,357.0,45.09803921568629,0.0001,1000
XGBoost_2,4H,-0.0018,0.002,4,True,0.25,0.2,0.4415927533496886,0.5814585535255926,5298.0,99.50924877312193,4.5838586455412615,limits_Pred,1003.0704949965684,1039.3901370618753,0.30704949965685274,233.0,54.07725321888413,0.0001,1000
XGBoost_2,4H,-0.0018,0.002,5,True,0.25,0.2,0.6044536705038687,0.6407972218028084,5298.0,99.39599848999624,4.5838586455412615,limits_Pred,949.3472011148557,1061.8754095689653,-5.065279888514441,245.0,47.3469387755102,0.0001,1000
XGBoost_2,4H,-0.0018,0.002,6,True,0.25,0.2,0.5144366861672014,0.52483768684886,5298.0,99.62249905624763,4.5838586455412615,limits_Pred,935.4386095587545,1051.7462535098248,-6.456139044124553,759.0,48.08959156785244,0.0001,1000
XGBoost_2,4H,-0.0018,0.002,7,True,0.25,0.2,0.464993394980185,0.5494488902310132,5298.0,98.03699509248771,4.5838586455412615,limits_Pred,925.3695351389273,1023.1626150293432,-7.463046486107293,379.0,51.71503957783641,0.0001,1000
XGBoost_2,4H,-0.0018,0.002,8,True,0.25,0.2,0.5068880920928477,0.5556394383210026,5298.0,99.6791241978105,4.5838586455412615,limits_Pred,1070.3880212023653,1107.494760084553,7.038802120236528,653.0,49.464012251148546,0.0001,1000
XGBoost_2,4H,-0.0018,0.002,9,True,0.25,0.2,0.35836950367993964,0.5139664804469274,5298.0,99.45262363155909,4.5838586455412615,limits_Pred,1046.002661302289,1060.8127723579314,4.6002661302288965,443.0,49.661399548532714,0.0001,1000
XGBoost_2,4H,-0.0018,0.002,10,True,0.25,0.2,0.4329118701641819,0.4851275856862449,5298.0,99.5847489618724,4.5838586455412615,limits_Pred,1014.8961935893584,1057.4157213895487,1.489619358935829,441.0,50.11337868480725,0.0001,1000
XGBoost_2,4H,-0.0018,0.0018,1,True,0.25,0.2,0.31609737686355915,0.468367809149932,5298.0,99.64137410343523,4.5838586455412615,limits_Pred,786.0208907948337,1015.8409549033728,-21.397910920516612,1097.0,47.21969006381039,0.0001,1000
XGBoost_2,4H,-0.0018,0.0018,2,True,0.25,0.2,0.37573127005095297,0.4840706628416125,5298.0,99.49037372593428,4.5838586455412615,limits_Pred,929.6733428364372,1040.3075355066053,-7.032665716356281,525.0,52.76190476190477,0.0001,1000
XGBoost_2,4H,-0.0018,0.0018,3,True,0.25,0.2,0.2951500283072277,0.40736826211686544,5298.0,98.99962249905624,4.5838586455412615,limits_Pred,1009.7845581004359,1056.5103266779497,0.9784558100435902,457.0,52.516411378555794,0.0001,1000
XGBoost_2,4H,-0.0018,0.0018,4,True,0.25,0.2,0.30062275901113417,0.4408878151894912,5298.0,99.84899962249905,4.5838586455412615,limits_Pred,948.2918365851314,1135.2124440688146,-5.170816341486863,965.0,52.2279792746114,0.0001,1000
XGBoost_2,4H,-0.0018,0.0018,5,True,0.25,0.2,0.24287601434232875,0.4416427600785143,5298.0,99.4714986787467,4.5838586455412615,limits_Pred,908.9170290315916,1036.990387793228,-9.10829709684084,817.0,50.428396572827424,0.0001,1000
XGBoost_2,4H,-0.0018,0.0018,6,True,0.25,0.2,0.32194753727118325,0.4668579193718858,5298.0,99.83012457531143,4.5838586455412615,limits_Pred,807.8141490496063,1048.5141510600372,-19.218585095039362,1089.0,45.91368227731864,0.0001,1000
XGBoost_2,4H,-0.0018,0.0018,7,True,0.25,0.2,0.5591621060577467,0.5760229503246262,5298.0,99.01849754624386,4.5838586455412615,limits_Pred,1059.1505305251978,1136.0034566085226,5.915053052519784,566.0,48.0565371024735,0.0001,1000
XGBoost_2,4H,-0.0018,0.0018,8,True,0.25,0.2,0.3755425551990942,0.484674618752831,5298.0,99.83012457531143,4.5838586455412615,limits_Pred,1027.16012528687,1142.8841257667227,2.7160125286869974,1053.0,51.09211775878442,0.0001,1000
XGBoost_2,4H,-0.0018,0.0018,9,True,0.25,0.2,0.3989431968295905,0.5349539483617696,5298.0,99.81124952812382,4.5838586455412615,limits_Pred,858.9868017073691,1018.8041712092056,-14.101319829263089,923.0,45.82881906825569,0.0001,1000
XGBoost_2,4H,-0.0018,0.0018,10,True,0.25,0.2,0.4153613889413097,0.4650460516382304,5298.0,98.77312193280486,4.5838586455412615,limits_Pred,823.9720768157788,1016.3090570095596,-17.60279231842211,561.0,44.741532976827095,0.0001,1000
XGBoost_3,4H,-0.0029,0.0029,6,True,0.25,0.2,0.9048877146631441,0.8407066284161256,5298.0,96.97999244998111,4.583858645541262,limits_Pred,1380.1193196258155,1382.5528231671408,38.01193196258155,24.0,66.66666666666666,0.0001,1000
XGBoost_3,4H,-0.0029,0.0029,6,False,0.25,0.2,0.8388375165125496,0.8185112486788464,5298.0,94.63948659871649,4.583858645541263,limits_Pred,1009.6108774872899,1141.5378540074457,0.9610877487289939,24.0,29.166666666666668,0.0001,1000
