Local time,Open,High,Low,Close,Volume
31.12.2017 18:00:00.000 GMT-0600,1.20143,1.20173,1.20044,1.20110,7920.75
01.01.2018 18:00:00.000 GMT-0600,1.20109,1.20813,1.20081,1.20618,197721.2031
02.01.2018 18:00:00.000 GMT-0600,1.20619,1.20641,1.20015,1.20112,203173.875
03.01.2018 18:00:00.000 GMT-0600,1.20112,1.20890,1.20046,1.20669,209319.6875
04.01.2018 18:00:00.000 GMT-0600,1.20666,1.20833,1.20209,1.20314,193302.4063
06.01.2018 18:00:00.000 GMT-0600,1.20297,1.20391,1.20284,1.20373,6094.1899
07.01.2018 18:00:00.000 GMT-0600,1.20373,1.20525,1.19561,1.19703,192948.4375
08.01.2018 18:00:00.000 GMT-0600,1.19700,1.19757,1.19158,1.19287,215846.1563
09.01.2018 18:00:00.000 GMT-0600,1.19284,1.20181,1.19234,1.19561,263877.5625
10.01.2018 18:00:00.000 GMT-0600,1.19560,1.20591,1.19294,1.20431,250049.1875
11.01.2018 18:00:00.000 GMT-0600,1.20431,1.22186,1.20402,1.22051,280731.1563
13.01.2018 18:00:00.000 GMT-0600,1.21962,1.22122,1.21910,1.21923,9158
14.01.2018 18:00:00.000 GMT-0600,1.21923,1.22968,1.21879,1.22669,233781.2969
15.01.2018 18:00:00.000 GMT-0600,1.22670,1.22831,1.21954,1.22710,265122.5938
16.01.2018 18:00:00.000 GMT-0600,1.22710,1.23233,1.21656,1.21806,295076.7188
17.01.2018 18:00:00.000 GMT-0600,1.21807,1.22650,1.21737,1.22346,259623.2031
18.01.2018 18:00:00.000 GMT-0600,1.22345,1.22956,1.22150,1.22174,249837.2344
20.01.2018 18:00:00.000 GMT-0600,1.22708,1.22739,1.22342,1.22563,9133.9902
21.01.2018 18:00:00.000 GMT-0600,1.22563,1.22673,1.22142,1.22566,232559.5938
22.01.2018 18:00:00.000 GMT-0600,1.22566,1.23153,1.22231,1.23092,265230.9688
23.01.2018 18:00:00.000 GMT-0600,1.23091,1.24151,1.22925,1.23929,303693.0313
24.01.2018 18:00:00.000 GMT-0600,1.23924,1.25375,1.23643,1.23916,373772.5625
25.01.2018 18:00:00.000 GMT-0600,1.23916,1.24938,1.23865,1.24315,322348.875
27.01.2018 18:00:00.000 GMT-0600,1.24291,1.24316,1.24141,1.24316,9958.6504
28.01.2018 18:00:00.000 GMT-0600,1.24314,1.24326,1.23369,1.23811,292500.6563
29.01.2018 18:00:00.000 GMT-0600,1.23811,1.24541,1.23352,1.24088,308540.75
30.01.2018 18:00:00.000 GMT-0600,1.24086,1.24750,1.23874,1.24172,317382.4688
31.01.2018 18:00:00.000 GMT-0600,1.24173,1.25233,1.23856,1.25109,311539.5
01.02.2018 18:00:00.000 GMT-0600,1.25110,1.25183,1.24094,1.24608,298074.75
03.02.2018 18:00:00.000 GMT-0600,1.24391,1.24551,1.24247,1.24467,12176.0195
04.02.2018 18:00:00.000 GMT-0600,1.24464,1.24751,1.23630,1.23672,319889.0625
05.02.2018 18:00:00.000 GMT-0600,1.23674,1.24348,1.23141,1.23807,395847.4688
06.02.2018 18:00:00.000 GMT-0600,1.23806,1.24059,1.22460,1.22703,309270.7813
07.02.2018 18:00:00.000 GMT-0600,1.22703,1.22951,1.22124,1.22608,343174.3438
08.02.2018 18:00:00.000 GMT-0600,1.22611,1.22875,1.22058,1.22535,332212.6875
10.02.2018 18:00:00.000 GMT-0600,1.22501,1.22535,1.22431,1.22527,6808.2402
11.02.2018 18:00:00.000 GMT-0600,1.22527,1.23076,1.22353,1.23008,247009.5625
12.02.2018 18:00:00.000 GMT-0600,1.23010,1.23713,1.22847,1.23540,258701.7969
13.02.2018 18:00:00.000 GMT-0600,1.23540,1.24700,1.22763,1.24686,311747.7188
14.02.2018 18:00:00.000 GMT-0600,1.24686,1.25105,1.24483,1.25032,299104.0313
15.02.2018 18:00:00.000 GMT-0600,1.25031,1.25556,1.23935,1.24123,285995.5
17.02.2018 18:00:00.000 GMT-0600,1.24035,1.24206,1.24035,1.24121,6533.23
18.02.2018 18:00:00.000 GMT-0600,1.24122,1.24352,1.23693,1.24006,194836.8125
19.02.2018 18:00:00.000 GMT-0600,1.24004,1.24109,1.23201,1.23358,261519.25
20.02.2018 18:00:00.000 GMT-0600,1.23357,1.23602,1.22737,1.22807,297403.6875
21.02.2018 18:00:00.000 GMT-0600,1.22809,1.23523,1.22598,1.23259,409735.9688
22.02.2018 18:00:00.000 GMT-0600,1.23257,1.23319,1.22800,1.22975,225686.7969
24.02.2018 18:00:00.000 GMT-0600,1.22953,1.22968,1.22814,1.22887,7905.7402
25.02.2018 18:00:00.000 GMT-0600,1.22887,1.23552,1.22777,1.23156,239343.2969
26.02.2018 18:00:00.000 GMT-0600,1.23156,1.23466,1.22217,1.22263,261750.4844
27.02.2018 18:00:00.000 GMT-0600,1.22262,1.22413,1.21881,1.21918,345577.75
28.02.2018 18:00:00.000 GMT-0600,1.21918,1.22751,1.21548,1.22714,276246.1563
01.03.2018 18:00:00.000 GMT-0600,1.22712,1.23361,1.22517,1.23203,262003.5
03.03.2018 18:00:00.000 GMT-0600,1.23296,1.23652,1.23000,1.23179,17755.1895
04.03.2018 18:00:00.000 GMT-0600,1.23179,1.23489,1.22691,1.23369,249724.4531
05.03.2018 18:00:00.000 GMT-0600,1.23369,1.24292,1.23283,1.24160,253692.3125
06.03.2018 18:00:00.000 GMT-0600,1.24156,1.24457,1.23850,1.24127,263634.25
07.03.2018 18:00:00.000 GMT-0600,1.24126,1.24463,1.22983,1.23071,288809.125
08.03.2018 18:00:00.000 GMT-0600,1.23072,1.23345,1.22733,1.23061,365691.375
10.03.2018 18:00:00.000 GMT-0600,1.23176,1.23177,1.23064,1.23088,7866.1499
11.03.2018 18:00:00.000 GMT-0600,1.23088,1.23457,1.22905,1.23389,220590.9375
12.03.2018 18:00:00.000 GMT-0600,1.23385,1.24076,1.23148,1.23933,280605.8125
13.03.2018 18:00:00.000 GMT-0600,1.23930,1.24128,1.23474,1.23751,232068.8281
14.03.2018 18:00:00.000 GMT-0600,1.23752,1.23838,1.23004,1.23065,224169.9531
15.03.2018 18:00:00.000 GMT-0600,1.23063,1.23363,1.22603,1.22904,211605.7344
17.03.2018 18:00:00.000 GMT-0600,1.22857,1.22938,1.22801,1.22810,7274.4199
18.03.2018 18:00:00.000 GMT-0600,1.22810,1.23588,1.22582,1.23367,233229.2813
19.03.2018 18:00:00.000 GMT-0600,1.23367,1.23547,1.22401,1.22485,235324.4063
20.03.2018 18:00:00.000 GMT-0600,1.22485,1.23502,1.22469,1.23466,270540.9375
21.03.2018 18:00:00.000 GMT-0600,1.23467,1.23885,1.22857,1.23244,293905.5625
22.03.2018 18:00:00.000 GMT-0600,1.23242,1.23737,1.23170,1.23548,253515.8906
24.03.2018 18:00:00.000 GMT-0600,1.23551,1.23680,1.23531,1.23546,8202.2402
25.03.2018 18:00:00.000 GMT-0600,1.23546,1.24619,1.23520,1.24575,266570.1563
26.03.2018 18:00:00.000 GMT-0600,1.24572,1.24766,1.23725,1.24089,259434.4375
27.03.2018 18:00:00.000 GMT-0600,1.24089,1.24219,1.23003,1.23129,267131.3438
28.03.2018 18:00:00.000 GMT-0600,1.23125,1.23354,1.22841,1.23030,292779.1563
29.03.2018 18:00:00.000 GMT-0600,1.23030,1.23313,1.22913,1.23261,79075.6719
31.03.2018 18:00:00.000 GMT-0600,1.23267,1.23272,1.23129,1.23130,10448.6699
01.04.2018 19:00:00.000 GMT-0500,1.23130,1.23452,1.22823,1.22934,170018.0156
02.04.2018 19:00:00.000 GMT-0500,1.22933,1.23353,1.22540,1.22785,230022.5156
03.04.2018 19:00:00.000 GMT-0500,1.22785,1.23148,1.22572,1.22877,233903.9531
04.04.2018 19:00:00.000 GMT-0500,1.22877,1.22902,1.22185,1.22489,235136.7344
05.04.2018 19:00:00.000 GMT-0500,1.22491,1.22909,1.22154,1.22834,271104.9375
07.04.2018 19:00:00.000 GMT-0500,1.22896,1.22896,1.22659,1.22712,9238.9404
08.04.2018 19:00:00.000 GMT-0500,1.22711,1.23310,1.22605,1.23209,245776.4844
09.04.2018 19:00:00.000 GMT-0500,1.23209,1.23778,1.23030,1.23630,263348.9063
10.04.2018 19:00:00.000 GMT-0500,1.23630,1.23972,1.23473,1.23720,253219.4063
11.04.2018 19:00:00.000 GMT-0500,1.23721,1.23799,1.22995,1.23297,249857.7969
12.04.2018 19:00:00.000 GMT-0500,1.23296,1.23460,1.23072,1.23324,207095.5781
14.04.2018 19:00:00.000 GMT-0500,1.23360,1.23390,1.23256,1.23319,8233.9404
15.04.2018 19:00:00.000 GMT-0500,1.23318,1.23948,1.23244,1.23841,211354.6563
16.04.2018 19:00:00.000 GMT-0500,1.23841,1.24138,1.23365,1.23727,218819.9219
17.04.2018 19:00:00.000 GMT-0500,1.23728,1.23974,1.23420,1.23790,237208.5469
18.04.2018 19:00:00.000 GMT-0500,1.23790,1.24002,1.23292,1.23436,239214.125
19.04.2018 19:00:00.000 GMT-0500,1.23436,1.23531,1.22502,1.22903,209627.1406
21.04.2018 19:00:00.000 GMT-0500,1.22772,1.22890,1.22731,1.22742,10349.5498
22.04.2018 19:00:00.000 GMT-0500,1.22742,1.22897,1.21979,1.22097,242994.7031
23.04.2018 19:00:00.000 GMT-0500,1.22098,1.22450,1.21821,1.22377,231988.1719
24.04.2018 19:00:00.000 GMT-0500,1.22377,1.22377,1.21603,1.21708,230325.1563
25.04.2018 19:00:00.000 GMT-0500,1.21709,1.22103,1.20965,1.21085,256269.7656
26.04.2018 19:00:00.000 GMT-0500,1.21085,1.21334,1.20557,1.21332,216210.2813
28.04.2018 19:00:00.000 GMT-0500,1.21250,1.21300,1.21191,1.21229,7056.8799
29.04.2018 19:00:00.000 GMT-0500,1.21230,1.21389,1.20644,1.20819,232659.5156
30.04.2018 19:00:00.000 GMT-0500,1.20821,1.20833,1.19816,1.19914,208184.8125
01.05.2018 19:00:00.000 GMT-0500,1.19913,1.20320,1.19382,1.19510,275388.625
02.05.2018 19:00:00.000 GMT-0500,1.19509,1.20091,1.19481,1.19892,271402.9375
03.05.2018 19:00:00.000 GMT-0500,1.19892,1.19957,1.19109,1.19640,203244.125
05.05.2018 19:00:00.000 GMT-0500,1.19637,1.19661,1.19548,1.19548,6827.6499
06.05.2018 19:00:00.000 GMT-0500,1.19547,1.19782,1.18979,1.19333,199208.4844
07.05.2018 19:00:00.000 GMT-0500,1.19334,1.19390,1.18382,1.18675,241873.7344
08.05.2018 19:00:00.000 GMT-0500,1.18675,1.18972,1.18228,1.18471,240650.9063
09.05.2018 19:00:00.000 GMT-0500,1.18466,1.19467,1.18441,1.19140,272741.4375
10.05.2018 19:00:00.000 GMT-0500,1.19141,1.19681,1.18914,1.19451,215157.0938
12.05.2018 19:00:00.000 GMT-0500,1.19463,1.19560,1.19413,1.19529,9324.9404
13.05.2018 19:00:00.000 GMT-0500,1.19530,1.19962,1.19240,1.19313,247612.2969
14.05.2018 19:00:00.000 GMT-0500,1.19313,1.19386,1.18174,1.18208,254368.7969
15.05.2018 19:00:00.000 GMT-0500,1.18208,1.18543,1.17638,1.18151,287158.0625
16.05.2018 19:00:00.000 GMT-0500,1.18150,1.18378,1.17766,1.17905,259183.2031
17.05.2018 19:00:00.000 GMT-0500,1.17906,1.18223,1.17500,1.17747,231641.4063
19.05.2018 19:00:00.000 GMT-0500,1.17766,1.17766,1.17608,1.17657,8830.9297
20.05.2018 19:00:00.000 GMT-0500,1.17655,1.17976,1.17167,1.17903,232704.9531
21.05.2018 19:00:00.000 GMT-0500,1.17902,1.18299,1.17568,1.17885,264928.125
22.05.2018 19:00:00.000 GMT-0500,1.17885,1.17895,1.16760,1.17096,316699.9688
23.05.2018 19:00:00.000 GMT-0500,1.17094,1.17505,1.16911,1.17224,280355.5
24.05.2018 19:00:00.000 GMT-0500,1.17224,1.17337,1.16463,1.16516,259443.2656
26.05.2018 19:00:00.000 GMT-0500,1.16878,1.16925,1.16771,1.16887,13846.8096
27.05.2018 19:00:00.000 GMT-0500,1.16888,1.17287,1.16077,1.16266,219516.5469
28.05.2018 19:00:00.000 GMT-0500,1.16268,1.16397,1.15102,1.15379,336041.875
29.05.2018 19:00:00.000 GMT-0500,1.15379,1.16760,1.15188,1.16649,318511.1563
30.05.2018 19:00:00.000 GMT-0500,1.16649,1.17244,1.16414,1.16925,292354.3125
31.05.2018 19:00:00.000 GMT-0500,1.16926,1.17182,1.16172,1.16602,265120.3125
02.06.2018 19:00:00.000 GMT-0500,1.16644,1.16699,1.16605,1.16678,6549.0698
03.06.2018 19:00:00.000 GMT-0500,1.16675,1.17447,1.16673,1.17005,240440.8438
04.06.2018 19:00:00.000 GMT-0500,1.17005,1.17327,1.16528,1.17264,260201.125
05.06.2018 19:00:00.000 GMT-0500,1.17264,1.17960,1.17141,1.17816,260680.4531
06.06.2018 19:00:00.000 GMT-0500,1.17813,1.18401,1.17813,1.17934,250919.4531
07.06.2018 19:00:00.000 GMT-0500,1.17933,1.18105,1.17274,1.17708,227996.2031
09.06.2018 19:00:00.000 GMT-0500,1.17761,1.17860,1.17715,1.17849,7543.5
10.06.2018 19:00:00.000 GMT-0500,1.17848,1.18207,1.17716,1.17728,208384.5938
11.06.2018 19:00:00.000 GMT-0500,1.17729,1.18093,1.17338,1.17480,239822.7031
12.06.2018 19:00:00.000 GMT-0500,1.17480,1.18050,1.17258,1.18035,239731.0938
13.06.2018 19:00:00.000 GMT-0500,1.18036,1.18521,1.15611,1.15634,292842.375
14.06.2018 19:00:00.000 GMT-0500,1.15631,1.16272,1.15436,1.16103,248240.2031
16.06.2018 19:00:00.000 GMT-0500,1.15906,1.16030,1.15884,1.15933,9089.8203
17.06.2018 19:00:00.000 GMT-0500,1.15933,1.16415,1.15657,1.16301,219386.4063
18.06.2018 19:00:00.000 GMT-0500,1.16300,1.16448,1.15309,1.15883,279841.875
19.06.2018 19:00:00.000 GMT-0500,1.15883,1.16000,1.15371,1.15779,247282.4375
20.06.2018 19:00:00.000 GMT-0500,1.15778,1.16338,1.15085,1.16045,288911.7188
21.06.2018 19:00:00.000 GMT-0500,1.16045,1.16750,1.16009,1.16590,250697.375
23.06.2018 19:00:00.000 GMT-0500,1.16648,1.16730,1.16604,1.16604,14128.3203
24.06.2018 19:00:00.000 GMT-0500,1.16607,1.17133,1.16290,1.17013,255819.4375
25.06.2018 19:00:00.000 GMT-0500,1.17012,1.17205,1.16351,1.16498,283394.0938
26.06.2018 19:00:00.000 GMT-0500,1.16498,1.16722,1.15410,1.15632,304107.875
27.06.2018 19:00:00.000 GMT-0500,1.15632,1.16006,1.15275,1.15638,290169.5938
28.06.2018 19:00:00.000 GMT-0500,1.15637,1.16906,1.15636,1.16858,289929
30.06.2018 19:00:00.000 GMT-0500,1.16804,1.16938,1.16639,1.16790,16735.9199
01.07.2018 19:00:00.000 GMT-0500,1.16782,1.16792,1.15915,1.16419,241338.3594
02.07.2018 19:00:00.000 GMT-0500,1.16415,1.16732,1.16208,1.16593,257145.375
03.07.2018 19:00:00.000 GMT-0500,1.16591,1.16820,1.16308,1.16607,191175.875
04.07.2018 19:00:00.000 GMT-0500,1.16607,1.17203,1.16501,1.16921,263604.0625
05.07.2018 19:00:00.000 GMT-0500,1.16921,1.17679,1.16803,1.17464,232141.7188
07.07.2018 19:00:00.000 GMT-0500,1.17432,1.17548,1.17432,1.17521,12232.8203
08.07.2018 19:00:00.000 GMT-0500,1.17516,1.17908,1.17330,1.17564,240438.3594
09.07.2018 19:00:00.000 GMT-0500,1.17562,1.17628,1.16906,1.17283,241527.5781
10.07.2018 19:00:00.000 GMT-0500,1.17283,1.17583,1.16657,1.16754,279801.4063
11.07.2018 19:00:00.000 GMT-0500,1.16754,1.16957,1.16500,1.16644,241600.7344
12.07.2018 19:00:00.000 GMT-0500,1.16644,1.16885,1.16133,1.16885,232020.8125
14.07.2018 19:00:00.000 GMT-0500,1.16912,1.16943,1.16774,1.16787,8668.9004
15.07.2018 19:00:00.000 GMT-0500,1.16787,1.17256,1.16759,1.17094,234957.1875
16.07.2018 19:00:00.000 GMT-0500,1.17094,1.17449,1.16489,1.16534,268401.4063
17.07.2018 19:00:00.000 GMT-0500,1.16537,1.16651,1.16022,1.16453,262116.2031
18.07.2018 19:00:00.000 GMT-0500,1.16451,1.16789,1.15751,1.16548,314520.6563
19.07.2018 19:00:00.000 GMT-0500,1.16549,1.17392,1.16266,1.17205,303662.7813
21.07.2018 19:00:00.000 GMT-0500,1.17285,1.17458,1.17239,1.17407,13564.2197
22.07.2018 19:00:00.000 GMT-0500,1.17407,1.17499,1.16839,1.16939,242800.5313
23.07.2018 19:00:00.000 GMT-0500,1.16938,1.17171,1.16549,1.16848,251522.0313
24.07.2018 19:00:00.000 GMT-0500,1.16848,1.17390,1.16642,1.17384,264603.125
25.07.2018 19:00:00.000 GMT-0500,1.17383,1.17439,1.16382,1.16441,259909.5938
26.07.2018 19:00:00.000 GMT-0500,1.16438,1.16646,1.16208,1.16585,222756.6563
28.07.2018 19:00:00.000 GMT-0500,1.16604,1.16609,1.16563,1.16596,6492.9902
29.07.2018 19:00:00.000 GMT-0500,1.16595,1.17190,1.16482,1.17076,195524.2188
30.07.2018 19:00:00.000 GMT-0500,1.17077,1.17461,1.16841,1.16894,231596.9063
31.07.2018 19:00:00.000 GMT-0500,1.16894,1.16998,1.16575,1.16635,258679.875
01.08.2018 19:00:00.000 GMT-0500,1.16635,1.16678,1.15820,1.15853,240121.1563
02.08.2018 19:00:00.000 GMT-0500,1.15854,1.16107,1.15605,1.15691,232033.6875
04.08.2018 19:00:00.000 GMT-0500,1.15731,1.15732,1.15606,1.15617,9013
05.08.2018 19:00:00.000 GMT-0500,1.15616,1.15706,1.15302,1.15584,216280.6563
06.08.2018 19:00:00.000 GMT-0500,1.15583,1.16084,1.15518,1.16033,208616.875
07.08.2018 19:00:00.000 GMT-0500,1.16033,1.16285,1.15734,1.16095,201341.1406
08.08.2018 19:00:00.000 GMT-0500,1.16095,1.16194,1.15166,1.15242,236015.5
09.08.2018 19:00:00.000 GMT-0500,1.15242,1.15366,1.13883,1.14130,294155.7813
11.08.2018 19:00:00.000 GMT-0500,1.13731,1.14118,1.13727,1.13950,13380.3701
12.08.2018 19:00:00.000 GMT-0500,1.13949,1.14330,1.13652,1.14009,275507.4063
13.08.2018 19:00:00.000 GMT-0500,1.14008,1.14296,1.13304,1.13470,263991.8438
14.08.2018 19:00:00.000 GMT-0500,1.13470,1.13551,1.13012,1.13419,253138.3281
15.08.2018 19:00:00.000 GMT-0500,1.13419,1.14093,1.13361,1.13721,251177.2969
16.08.2018 19:00:00.000 GMT-0500,1.13721,1.14450,1.13667,1.14396,212886.2031
18.08.2018 19:00:00.000 GMT-0500,1.14419,1.14419,1.14357,1.14381,7754.1899
19.08.2018 19:00:00.000 GMT-0500,1.14382,1.14934,1.13947,1.14921,218500.0156
20.08.2018 19:00:00.000 GMT-0500,1.14919,1.16015,1.14859,1.15762,256942.7188
21.08.2018 19:00:00.000 GMT-0500,1.15762,1.16231,1.15534,1.15862,230830.6563
22.08.2018 19:00:00.000 GMT-0500,1.15861,1.15909,1.15301,1.15423,231280.6875
23.08.2018 19:00:00.000 GMT-0500,1.15421,1.16400,1.15383,1.16223,228247.7656
25.08.2018 19:00:00.000 GMT-0500,1.16189,1.16536,1.16182,1.16453,8675.0498
26.08.2018 19:00:00.000 GMT-0500,1.16453,1.16938,1.15948,1.16844,202379.4063
27.08.2018 19:00:00.000 GMT-0500,1.16844,1.17337,1.16628,1.16936,230813.2656
28.08.2018 19:00:00.000 GMT-0500,1.16935,1.17107,1.16523,1.17097,235591.9688
29.08.2018 19:00:00.000 GMT-0500,1.17097,1.17185,1.16419,1.16656,237717.9688
30.08.2018 19:00:00.000 GMT-0500,1.16656,1.16904,1.15848,1.16054,239321.0938
01.09.2018 19:00:00.000 GMT-0500,1.15989,1.16048,1.15929,1.15984,7368.46
02.09.2018 19:00:00.000 GMT-0500,1.15982,1.16280,1.15892,1.16144,167184.125
03.09.2018 19:00:00.000 GMT-0500,1.16143,1.16144,1.15304,1.15874,219819.6563
04.09.2018 19:00:00.000 GMT-0500,1.15874,1.16401,1.15430,1.16347,257820.375
05.09.2018 19:00:00.000 GMT-0500,1.16347,1.16595,1.16057,1.16201,235651.8594
06.09.2018 19:00:00.000 GMT-0500,1.16202,1.16496,1.15509,1.15545,236069.8281
08.09.2018 19:00:00.000 GMT-0500,1.15506,1.15611,1.15481,1.15608,6841.7798
09.09.2018 19:00:00.000 GMT-0500,1.15608,1.16165,1.15262,1.15938,191802.75
10.09.2018 19:00:00.000 GMT-0500,1.15938,1.16443,1.15657,1.15960,212981.1875
11.09.2018 19:00:00.000 GMT-0500,1.15956,1.16499,1.15704,1.16258,228314.9844
12.09.2018 19:00:00.000 GMT-0500,1.16256,1.17012,1.16093,1.16914,226436.8906
13.09.2018 19:00:00.000 GMT-0500,1.16915,1.17218,1.16209,1.16246,202525.4844
15.09.2018 19:00:00.000 GMT-0500,1.16271,1.16340,1.16222,1.16237,6933.0298
16.09.2018 19:00:00.000 GMT-0500,1.16237,1.16983,1.16182,1.16690,188956.625
17.09.2018 19:00:00.000 GMT-0500,1.16688,1.17245,1.16524,1.16779,230896.4688
18.09.2018 19:00:00.000 GMT-0500,1.16780,1.17151,1.16503,1.16743,228790.7344
19.09.2018 19:00:00.000 GMT-0500,1.16739,1.17847,1.16722,1.17758,247607.9063
20.09.2018 19:00:00.000 GMT-0500,1.17758,1.18030,1.17329,1.17523,205755.7813
22.09.2018 19:00:00.000 GMT-0500,1.17504,1.17532,1.17419,1.17489,7341.3101
23.09.2018 19:00:00.000 GMT-0500,1.17485,1.18154,1.17244,1.17529,205406
24.09.2018 19:00:00.000 GMT-0500,1.17529,1.17928,1.17312,1.17631,209077.5313
25.09.2018 19:00:00.000 GMT-0500,1.17631,1.17981,1.17260,1.17473,308295.3438
26.09.2018 19:00:00.000 GMT-0500,1.17473,1.17573,1.16333,1.16363,242057.5938
27.09.2018 19:00:00.000 GMT-0500,1.16363,1.16514,1.15699,1.16053,233111.7344
29.09.2018 19:00:00.000 GMT-0500,1.16207,1.16207,1.16031,1.16055,10926.9199
30.09.2018 19:00:00.000 GMT-0500,1.16055,1.16249,1.15638,1.15774,206561.125
01.10.2018 19:00:00.000 GMT-0500,1.15774,1.15803,1.15054,1.15507,244471.8281
02.10.2018 19:00:00.000 GMT-0500,1.15507,1.15940,1.14647,1.14766,256295.7813
03.10.2018 19:00:00.000 GMT-0500,1.14767,1.15428,1.14635,1.15178,234956.6875
04.10.2018 19:00:00.000 GMT-0500,1.15176,1.15500,1.14842,1.15243,228647.8125
06.10.2018 19:00:00.000 GMT-0500,1.15248,1.15289,1.15202,1.15241,7846.8901
07.10.2018 19:00:00.000 GMT-0500,1.15241,1.15299,1.14602,1.14944,185645.3438
08.10.2018 19:00:00.000 GMT-0500,1.14943,1.15090,1.14324,1.15051,263271.1563
09.10.2018 19:00:00.000 GMT-0500,1.15049,1.15454,1.14801,1.15335,244674.6719
10.10.2018 19:00:00.000 GMT-0500,1.15333,1.15996,1.15314,1.15903,296904.625
11.10.2018 19:00:00.000 GMT-0500,1.15901,1.16107,1.15345,1.15626,228386.4063
13.10.2018 19:00:00.000 GMT-0500,1.15448,1.15538,1.15435,1.15506,9787.9404
14.10.2018 19:00:00.000 GMT-0500,1.15506,1.16063,1.15433,1.15832,240588.9063
15.10.2018 19:00:00.000 GMT-0500,1.15830,1.16215,1.15662,1.15766,218541
16.10.2018 19:00:00.000 GMT-0500,1.15767,1.15808,1.14958,1.15015,258515.6563
17.10.2018 19:00:00.000 GMT-0500,1.15015,1.15275,1.14494,1.14542,254121.9688
18.10.2018 19:00:00.000 GMT-0500,1.14543,1.15349,1.14332,1.15156,245465.5938
20.10.2018 19:00:00.000 GMT-0500,1.15177,1.15182,1.15088,1.15109,8441.8096
21.10.2018 19:00:00.000 GMT-0500,1.15109,1.15502,1.14560,1.14647,226391.5156
22.10.2018 19:00:00.000 GMT-0500,1.14647,1.14936,1.14395,1.14711,257694.7969
23.10.2018 19:00:00.000 GMT-0500,1.14711,1.14767,1.13792,1.13991,263498.0313
24.10.2018 19:00:00.000 GMT-0500,1.13991,1.14329,1.13563,1.13757,252711.7969
25.10.2018 19:00:00.000 GMT-0500,1.13757,1.14212,1.13359,1.14044,265238.125
27.10.2018 19:00:00.000 GMT-0500,1.13944,1.14043,1.13940,1.13983,8074.6899
28.10.2018 18:00:00.000 GMT-0600,1.13984,1.14168,1.13609,1.13760,257340.8281
29.10.2018 18:00:00.000 GMT-0600,1.13760,1.13880,1.13406,1.13457,226853.1875
30.10.2018 18:00:00.000 GMT-0600,1.13454,1.13602,1.13024,1.13148,252156.25
31.10.2018 18:00:00.000 GMT-0600,1.13148,1.14244,1.13130,1.14032,242090.7344
01.11.2018 18:00:00.000 GMT-0600,1.14032,1.14561,1.13725,1.13881,236396.875
03.11.2018 18:00:00.000 GMT-0600,1.13886,1.13998,1.13880,1.13978,10332.9199
04.11.2018 18:00:00.000 GMT-0600,1.13979,1.14241,1.13534,1.14087,221000.875
05.11.2018 18:00:00.000 GMT-0600,1.14087,1.14421,1.13917,1.14416,223145.2656
06.11.2018 18:00:00.000 GMT-0600,1.14415,1.14998,1.13950,1.14329,301569.8125
07.11.2018 18:00:00.000 GMT-0600,1.14330,1.14467,1.13519,1.13683,253139.2656
08.11.2018 18:00:00.000 GMT-0600,1.13683,1.13692,1.13164,1.13374,233834.4375
10.11.2018 18:00:00.000 GMT-0600,1.13255,1.13315,1.13151,1.13240,11693.8701
11.11.2018 18:00:00.000 GMT-0600,1.13242,1.13308,1.12158,1.12239,235386.5625
12.11.2018 18:00:00.000 GMT-0600,1.12239,1.13216,1.12221,1.13116,293925.5938
13.11.2018 18:00:00.000 GMT-0600,1.13116,1.13479,1.12634,1.13124,294858.75
14.11.2018 18:00:00.000 GMT-0600,1.13125,1.13626,1.12709,1.13248,301709.5313
15.11.2018 18:00:00.000 GMT-0600,1.13248,1.14208,1.13220,1.14198,250664.1719
17.11.2018 18:00:00.000 GMT-0600,1.14151,1.14215,1.14066,1.14140,10852.9297
18.11.2018 18:00:00.000 GMT-0600,1.14139,1.14646,1.13942,1.14543,215333.125
19.11.2018 18:00:00.000 GMT-0600,1.14544,1.14725,1.13589,1.13725,243658.9844
20.11.2018 18:00:00.000 GMT-0600,1.13725,1.14249,1.13658,1.13891,237219.7031
21.11.2018 18:00:00.000 GMT-0600,1.13891,1.14342,1.13857,1.14031,171258.5625
22.11.2018 18:00:00.000 GMT-0600,1.14031,1.14213,1.13280,1.13420,309152.5313
24.11.2018 18:00:00.000 GMT-0600,1.13420,1.13427,1.13311,1.13379,8705.6699
25.11.2018 18:00:00.000 GMT-0600,1.13380,1.13839,1.13251,1.13334,225346
26.11.2018 18:00:00.000 GMT-0600,1.13335,1.13440,1.12776,1.12974,270933.625
27.11.2018 18:00:00.000 GMT-0600,1.12975,1.13878,1.12674,1.13677,262112.75
28.11.2018 18:00:00.000 GMT-0600,1.13676,1.14019,1.13490,1.13929,271028.3438
29.11.2018 18:00:00.000 GMT-0600,1.13930,1.14006,1.13057,1.13229,259346.0625
01.12.2018 18:00:00.000 GMT-0600,1.13541,1.13541,1.13284,1.13425,11483.54
02.12.2018 18:00:00.000 GMT-0600,1.13423,1.13799,1.13196,1.13546,233948.4531
03.12.2018 18:00:00.000 GMT-0600,1.13545,1.14189,1.13189,1.13429,285537.8438
04.12.2018 18:00:00.000 GMT-0600,1.13429,1.13614,1.13113,1.13493,198398.875
05.12.2018 18:00:00.000 GMT-0600,1.13493,1.14127,1.13212,1.13763,284906.75
06.12.2018 18:00:00.000 GMT-0600,1.13764,1.14238,1.13606,1.13826,241395.0156
08.12.2018 18:00:00.000 GMT-0600,1.13938,1.14070,1.13919,1.14000,10502.6201
09.12.2018 18:00:00.000 GMT-0600,1.14000,1.14430,1.13507,1.13563,283555.2813
10.12.2018 18:00:00.000 GMT-0600,1.13563,1.14003,1.13065,1.13222,262815.625
11.12.2018 18:00:00.000 GMT-0600,1.13221,1.13875,1.13154,1.13731,255596.9219
12.12.2018 18:00:00.000 GMT-0600,1.13731,1.13935,1.13313,1.13633,234346.6875
13.12.2018 18:00:00.000 GMT-0600,1.13633,1.13653,1.12701,1.13073,225837.9688
15.12.2018 18:00:00.000 GMT-0600,1.13048,1.13097,1.13014,1.13046,10364.1201
16.12.2018 18:00:00.000 GMT-0600,1.13046,1.13579,1.13032,1.13497,219422.2031
17.12.2018 18:00:00.000 GMT-0600,1.13498,1.14025,1.13369,1.13761,246677.5781
18.12.2018 18:00:00.000 GMT-0600,1.13761,1.14395,1.13646,1.13871,398860.2188
19.12.2018 18:00:00.000 GMT-0600,1.13871,1.14861,1.13774,1.14569,507582.5
20.12.2018 18:00:00.000 GMT-0600,1.14569,1.14743,1.13563,1.13718,450596.7188
22.12.2018 18:00:00.000 GMT-0600,1.13738,1.13759,1.13626,1.13727,10815.96
23.12.2018 18:00:00.000 GMT-0600,1.13728,1.14389,1.13709,1.14043,351524.9688
24.12.2018 18:00:00.000 GMT-0600,1.14027,1.14213,1.13967,1.14137,17998.2891
25.12.2018 18:00:00.000 GMT-0600,1.14137,1.14168,1.13432,1.13608,257512.375
26.12.2018 18:00:00.000 GMT-0600,1.13608,1.14544,1.13585,1.14308,546644
27.12.2018 18:00:00.000 GMT-0600,1.14308,1.14730,1.14303,1.14450,432706.7813
29.12.2018 18:00:00.000 GMT-0600,1.14398,1.14413,1.14362,1.14395,11840.6504
30.12.2018 18:00:00.000 GMT-0600,1.14393,1.14711,1.14217,1.14711,300357.4688
31.12.2018 18:00:00.000 GMT-0600,1.14682,1.14691,1.14611,1.14616,11083.4004
01.01.2019 18:00:00.000 GMT-0600,1.14616,1.14971,1.13098,1.13129,457727.3125
02.01.2019 18:00:00.000 GMT-0600,1.13129,1.14113,1.13104,1.13906,477058.125
03.01.2019 18:00:00.000 GMT-0600,1.13906,1.14192,1.13459,1.13975,405137.6875
05.01.2019 18:00:00.000 GMT-0600,1.13997,1.14136,1.13981,1.14105,11588.6201
06.01.2019 18:00:00.000 GMT-0600,1.14106,1.14828,1.14049,1.14792,367605.8438
07.01.2019 18:00:00.000 GMT-0600,1.14792,1.14849,1.14224,1.14579,369173.625
08.01.2019 18:00:00.000 GMT-0600,1.14580,1.15582,1.14391,1.15546,436932.0625
09.01.2019 18:00:00.000 GMT-0600,1.15545,1.15701,1.14847,1.15086,430070.4688
10.01.2019 18:00:00.000 GMT-0600,1.15085,1.15405,1.14582,1.14729,361367.6563
12.01.2019 18:00:00.000 GMT-0600,1.14609,1.14688,1.14594,1.14601,7824.1899
13.01.2019 18:00:00.000 GMT-0600,1.14601,1.14821,1.14509,1.14730,344941.9688
14.01.2019 18:00:00.000 GMT-0600,1.14730,1.14899,1.13821,1.14147,412579.75
15.01.2019 18:00:00.000 GMT-0600,1.14146,1.14251,1.13779,1.14000,376023.4375
16.01.2019 18:00:00.000 GMT-0600,1.13998,1.14062,1.13703,1.13923,382861.8125
17.01.2019 18:00:00.000 GMT-0600,1.13923,1.14104,1.13535,1.13643,383881.6563
19.01.2019 18:00:00.000 GMT-0600,1.13630,1.13697,1.13615,1.13655,6375.27
20.01.2019 18:00:00.000 GMT-0600,1.13654,1.13915,1.13570,1.13693,237698.7031
21.01.2019 18:00:00.000 GMT-0600,1.13693,1.13741,1.13363,1.13636,359363.625
22.01.2019 18:00:00.000 GMT-0600,1.13638,1.13947,1.13508,1.13866,380794.9688
23.01.2019 18:00:00.000 GMT-0600,1.13865,1.13917,1.12897,1.13130,438752.7188
24.01.2019 18:00:00.000 GMT-0600,1.13131,1.14177,1.13052,1.14089,416691.9375
26.01.2019 18:00:00.000 GMT-0600,1.14041,1.14139,1.14025,1.14131,7679.7598
27.01.2019 18:00:00.000 GMT-0600,1.14131,1.14439,1.13904,1.14299,352719.9063
28.01.2019 18:00:00.000 GMT-0600,1.14299,1.14504,1.14113,1.14352,421010.4375
29.01.2019 18:00:00.000 GMT-0600,1.14351,1.15019,1.14063,1.14857,430847.7188
30.01.2019 18:00:00.000 GMT-0600,1.14857,1.15144,1.14360,1.14486,502922.5625
31.01.2019 18:00:00.000 GMT-0600,1.14485,1.14887,1.14346,1.14578,392885.5625
02.02.2019 18:00:00.000 GMT-0600,1.14537,1.14589,1.14533,1.14547,6443.1499
03.02.2019 18:00:00.000 GMT-0600,1.14545,1.14605,1.14246,1.14355,361437.4688
04.02.2019 18:00:00.000 GMT-0600,1.14354,1.14407,1.14014,1.14093,342216.5313
05.02.2019 18:00:00.000 GMT-0600,1.14092,1.14095,1.13611,1.13659,355331.5
06.02.2019 18:00:00.000 GMT-0600,1.13660,1.13679,1.13248,1.13385,383508.625
07.02.2019 18:00:00.000 GMT-0600,1.13384,1.13510,1.13212,1.13231,332054.5
09.02.2019 18:00:00.000 GMT-0600,1.13217,1.13253,1.13154,1.13242,8049.7998
10.02.2019 18:00:00.000 GMT-0600,1.13242,1.13302,1.12675,1.12789,382218.9688
11.02.2019 18:00:00.000 GMT-0600,1.12789,1.13398,1.12579,1.13339,414939.5625
12.02.2019 18:00:00.000 GMT-0600,1.13341,1.13417,1.12496,1.12649,391080.6875
13.02.2019 18:00:00.000 GMT-0600,1.12648,1.13101,1.12499,1.12950,641862.125
14.02.2019 18:00:00.000 GMT-0600,1.12949,1.13064,1.12343,1.12935,422715.2813
16.02.2019 18:00:00.000 GMT-0600,1.12951,1.12963,1.12896,1.12953,8049.0298
17.02.2019 18:00:00.000 GMT-0600,1.12952,1.13341,1.12940,1.13118,267488.3438
18.02.2019 18:00:00.000 GMT-0600,1.13118,1.13576,1.12757,1.13401,407462.1875
19.02.2019 18:00:00.000 GMT-0600,1.13401,1.13714,1.13251,1.13466,395413.1563
20.02.2019 18:00:00.000 GMT-0600,1.13466,1.13666,1.13204,1.13401,455299.9063
21.02.2019 18:00:00.000 GMT-0600,1.13401,1.13558,1.13163,1.13377,384834.3125
23.02.2019 18:00:00.000 GMT-0600,1.13383,1.13424,1.13294,1.13424,10407.7402
24.02.2019 18:00:00.000 GMT-0600,1.13424,1.13677,1.13369,1.13650,369187.1875
25.02.2019 18:00:00.000 GMT-0600,1.13650,1.14029,1.13454,1.13933,408994.9375
26.02.2019 18:00:00.000 GMT-0600,1.13933,1.14037,1.13626,1.13799,415591.2813
27.02.2019 18:00:00.000 GMT-0600,1.13798,1.14198,1.13596,1.13734,444214.8125
28.02.2019 18:00:00.000 GMT-0600,1.13733,1.14089,1.13534,1.13668,417953.2188
02.03.2019 18:00:00.000 GMT-0600,1.13843,1.13853,1.13725,1.13753,10663.9697
03.03.2019 18:00:00.000 GMT-0600,1.13753,1.13753,1.13092,1.13368,412861.625
04.03.2019 18:00:00.000 GMT-0600,1.13368,1.13387,1.12898,1.13062,407167.5313
05.03.2019 18:00:00.000 GMT-0600,1.13062,1.13247,1.12857,1.13134,327341.125
06.03.2019 18:00:00.000 GMT-0600,1.13133,1.13205,1.11765,1.11985,387988.4063
07.03.2019 18:00:00.000 GMT-0600,1.11984,1.12463,1.11854,1.12344,397713.5
09.03.2019 18:00:00.000 GMT-0600,1.12365,1.12372,1.12314,1.12347,1581.63
10.03.2019 18:00:00.000 GMT-0600,1.12319,1.12743,1.12219,1.12595,319369.2188
11.03.2019 18:00:00.000 GMT-0600,1.12593,1.13051,1.12495,1.12869,321493.625
12.03.2019 18:00:00.000 GMT-0600,1.12867,1.13388,1.12776,1.13305,305770.125
13.03.2019 18:00:00.000 GMT-0600,1.13306,1.13363,1.12942,1.13068,324968.375
14.03.2019 18:00:00.000 GMT-0600,1.13069,1.13446,1.13003,1.13265,265269
16.03.2019 18:00:00.000 GMT-0600,1.13248,1.13283,1.13193,1.13196,6039.6899
17.03.2019 18:00:00.000 GMT-0600,1.13196,1.13592,1.13195,1.13364,258634.5313
18.03.2019 18:00:00.000 GMT-0600,1.13363,1.13618,1.13339,1.13546,270344.3438
19.03.2019 18:00:00.000 GMT-0600,1.13546,1.14483,1.13357,1.14287,370012.1563
20.03.2019 18:00:00.000 GMT-0600,1.14285,1.14377,1.13428,1.13741,367275.7188
21.03.2019 18:00:00.000 GMT-0600,1.13742,1.13910,1.12734,1.13022,400026.0313
23.03.2019 18:00:00.000 GMT-0600,1.12956,1.13020,1.12918,1.12960,8413.0703
24.03.2019 18:00:00.000 GMT-0600,1.12960,1.13315,1.12891,1.13155,348480.0625
25.03.2019 18:00:00.000 GMT-0600,1.13154,1.13261,1.12635,1.12743,347186.6875
26.03.2019 18:00:00.000 GMT-0600,1.12743,1.12858,1.12423,1.12524,422494.3438
27.03.2019 18:00:00.000 GMT-0600,1.12520,1.12615,1.12139,1.12302,438324.3125
28.03.2019 18:00:00.000 GMT-0600,1.12301,1.12469,1.12100,1.12186,427038.2188
30.03.2019 18:00:00.000 GMT-0600,1.12331,1.12332,1.12205,1.12236,10406.5498
31.03.2019 18:00:00.000 GMT-0600,1.12235,1.12501,1.11993,1.12053,421214.125
01.04.2019 18:00:00.000 GMT-0600,1.12053,1.12164,1.11840,1.12036,457797.875
02.04.2019 18:00:00.000 GMT-0600,1.12036,1.12549,1.12022,1.12450,463772.9375
03.04.2019 18:00:00.000 GMT-0600,1.12450,1.12479,1.12063,1.12227,383674.9688
04.04.2019 18:00:00.000 GMT-0600,1.12226,1.12486,1.12102,1.12175,335538.875
06.04.2019 18:00:00.000 GMT-0600,1.12214,1.12232,1.12151,1.12184,7805.23
07.04.2019 19:00:00.000 GMT-0500,1.12185,1.12748,1.12150,1.12560,381319.125
08.04.2019 19:00:00.000 GMT-0500,1.12559,1.12845,1.12557,1.12658,389519.0625
09.04.2019 19:00:00.000 GMT-0500,1.12659,1.12899,1.12297,1.12762,427323.0938
10.04.2019 19:00:00.000 GMT-0500,1.12762,1.12876,1.12501,1.12605,388221.4063
11.04.2019 19:00:00.000 GMT-0500,1.12605,1.13241,1.12575,1.13006,395530.125
13.04.2019 19:00:00.000 GMT-0500,1.13069,1.13075,1.13001,1.13031,10698.5596
14.04.2019 19:00:00.000 GMT-0500,1.13031,1.13212,1.12978,1.13046,376676.1563
15.04.2019 19:00:00.000 GMT-0500,1.13046,1.13142,1.12792,1.12848,470544.6875
16.04.2019 19:00:00.000 GMT-0500,1.12847,1.13239,1.12816,1.12968,386708.7188
17.04.2019 19:00:00.000 GMT-0500,1.12968,1.13042,1.12264,1.12353,413249.9375
18.04.2019 19:00:00.000 GMT-0500,1.12352,1.12490,1.12327,1.12490,100974.1563
20.04.2019 19:00:00.000 GMT-0500,1.12496,1.12496,1.12377,1.12444,7874.4502
21.04.2019 19:00:00.000 GMT-0500,1.12445,1.12622,1.12359,1.12587,186643.8438
22.04.2019 19:00:00.000 GMT-0500,1.12588,1.12614,1.11925,1.12239,371498.9063
23.04.2019 19:00:00.000 GMT-0500,1.12242,1.12244,1.11407,1.11536,398680
24.04.2019 19:00:00.000 GMT-0500,1.11537,1.11626,1.11180,1.11358,345682.75
25.04.2019 19:00:00.000 GMT-0500,1.11357,1.11742,1.11116,1.11513,340943.375
27.04.2019 19:00:00.000 GMT-0500,1.11497,1.11521,1.11473,1.11495,9092.6201
28.04.2019 19:00:00.000 GMT-0500,1.11495,1.11872,1.11453,1.11852,284720.9063
29.04.2019 19:00:00.000 GMT-0500,1.11849,1.12291,1.11759,1.12160,327957
30.04.2019 19:00:00.000 GMT-0500,1.12159,1.12650,1.11873,1.12027,244906.2969
01.05.2019 19:00:00.000 GMT-0500,1.12026,1.12193,1.11709,1.11732,311558.7813
02.05.2019 19:00:00.000 GMT-0500,1.11732,1.12052,1.11352,1.12042,335631.0938
04.05.2019 19:00:00.000 GMT-0500,1.11816,1.12005,1.11733,1.11851,18598.0391
05.05.2019 19:00:00.000 GMT-0500,1.11851,1.12095,1.11792,1.12014,309077.6563
06.05.2019 19:00:00.000 GMT-0500,1.12014,1.12180,1.11668,1.11899,348151.875
07.05.2019 19:00:00.000 GMT-0500,1.11895,1.12140,1.11830,1.11982,367834.5625
08.05.2019 19:00:00.000 GMT-0500,1.11981,1.12512,1.11737,1.12187,408576.625
09.05.2019 19:00:00.000 GMT-0500,1.12187,1.12539,1.12180,1.12358,371275.3125
11.05.2019 19:00:00.000 GMT-0500,1.12380,1.12437,1.12344,1.12361,11490.4805
12.05.2019 19:00:00.000 GMT-0500,1.12361,1.12637,1.12201,1.12324,328744.0938
13.05.2019 19:00:00.000 GMT-0500,1.12323,1.12441,1.12015,1.12035,315595.0625
14.05.2019 19:00:00.000 GMT-0500,1.12035,1.12248,1.11781,1.12073,327988.625
15.05.2019 19:00:00.000 GMT-0500,1.12071,1.12242,1.11664,1.11734,335817.625
16.05.2019 19:00:00.000 GMT-0500,1.11734,1.11843,1.11554,1.11582,342704.0313
18.05.2019 19:00:00.000 GMT-0500,1.11610,1.11686,1.11604,1.11650,9898.5898
19.05.2019 19:00:00.000 GMT-0500,1.11650,1.11750,1.11509,1.11674,306414.875
20.05.2019 19:00:00.000 GMT-0500,1.11675,1.11882,1.11422,1.11646,330853.25
21.05.2019 19:00:00.000 GMT-0500,1.11645,1.11803,1.11488,1.11556,296009.4375
22.05.2019 19:00:00.000 GMT-0500,1.11555,1.11877,1.11072,1.11845,365538.25
23.05.2019 19:00:00.000 GMT-0500,1.11845,1.12123,1.11774,1.12065,304749.9688
25.05.2019 19:00:00.000 GMT-0500,1.12103,1.12130,1.12070,1.12070,8638.6201
26.05.2019 19:00:00.000 GMT-0500,1.12070,1.12154,1.11871,1.11936,192961
27.05.2019 19:00:00.000 GMT-0500,1.11937,1.11986,1.11596,1.11684,307850.6563
28.05.2019 19:00:00.000 GMT-0500,1.11684,1.11727,1.11245,1.11369,359780.25
29.05.2019 19:00:00.000 GMT-0500,1.11370,1.11435,1.11162,1.11298,295709.2188
30.05.2019 19:00:00.000 GMT-0500,1.11297,1.11800,1.11253,1.11697,387891.375
01.06.2019 19:00:00.000 GMT-0500,1.11683,1.11744,1.11631,1.11740,11542.46
02.06.2019 19:00:00.000 GMT-0500,1.11739,1.12621,1.11603,1.12460,432063.8125
03.06.2019 19:00:00.000 GMT-0500,1.12460,1.12776,1.12269,1.12539,414436.4688
04.06.2019 19:00:00.000 GMT-0500,1.12540,1.13067,1.12201,1.12289,403305.9375
05.06.2019 19:00:00.000 GMT-0500,1.12288,1.13092,1.12015,1.12759,373368.5313
06.06.2019 19:00:00.000 GMT-0500,1.12759,1.13479,1.12515,1.13341,352648.1875
08.06.2019 19:00:00.000 GMT-0500,1.13253,1.13310,1.13145,1.13194,10180.2305
09.06.2019 19:00:00.000 GMT-0500,1.13195,1.13248,1.12904,1.13182,308311.9063
10.06.2019 19:00:00.000 GMT-0500,1.13183,1.13377,1.13015,1.13298,356743.5938
11.06.2019 19:00:00.000 GMT-0500,1.13298,1.13437,1.12826,1.12928,362641.4063
12.06.2019 19:00:00.000 GMT-0500,1.12927,1.13040,1.12687,1.12797,405013.7813
13.06.2019 19:00:00.000 GMT-0500,1.12796,1.12893,1.12027,1.12126,352139.125
15.06.2019 19:00:00.000 GMT-0500,1.12122,1.12175,1.12110,1.12158,10431.6104
16.06.2019 19:00:00.000 GMT-0500,1.12158,1.12473,1.12039,1.12244,240082.8125
17.06.2019 19:00:00.000 GMT-0500,1.12246,1.12430,1.11815,1.11981,353435.5
18.06.2019 19:00:00.000 GMT-0500,1.11982,1.12545,1.11874,1.12360,317455.2188
19.06.2019 19:00:00.000 GMT-0500,1.12360,1.13175,1.12354,1.12946,409623.9688
20.06.2019 19:00:00.000 GMT-0500,1.12946,1.13781,1.12833,1.13695,391175.75
22.06.2019 19:00:00.000 GMT-0500,1.13739,1.13855,1.13682,1.13854,12450.7197
23.06.2019 19:00:00.000 GMT-0500,1.13854,1.14042,1.13727,1.13997,293767.6875
24.06.2019 19:00:00.000 GMT-0500,1.13997,1.14122,1.13444,1.13684,392840.9063
25.06.2019 19:00:00.000 GMT-0500,1.13684,1.13915,1.13477,1.13739,339644.3438
26.06.2019 19:00:00.000 GMT-0500,1.13738,1.13817,1.13480,1.13714,309744.2813
27.06.2019 19:00:00.000 GMT-0500,1.13715,1.13934,1.13508,1.13760,277538.5938
29.06.2019 19:00:00.000 GMT-0500,1.13598,1.13713,1.13598,1.13602,12829.8701
30.06.2019 19:00:00.000 GMT-0500,1.13603,1.13641,1.12805,1.12871,308335.3438
01.07.2019 19:00:00.000 GMT-0500,1.12872,1.13216,1.12754,1.12907,262654.3125
02.07.2019 19:00:00.000 GMT-0500,1.12909,1.13125,1.12688,1.12875,259799.7031
03.07.2019 19:00:00.000 GMT-0500,1.12875,1.12954,1.12733,1.12856,133841.3281
04.07.2019 19:00:00.000 GMT-0500,1.12856,1.12863,1.12075,1.12274,254366.9531
06.07.2019 19:00:00.000 GMT-0500,1.12296,1.12298,1.12250,1.12269,7121.8101
07.07.2019 19:00:00.000 GMT-0500,1.12270,1.12346,1.12071,1.12154,213530.9063
08.07.2019 19:00:00.000 GMT-0500,1.12153,1.12190,1.11935,1.12047,217017.9375
09.07.2019 19:00:00.000 GMT-0500,1.12045,1.12645,1.12021,1.12585,287323.75
10.07.2019 19:00:00.000 GMT-0500,1.12588,1.12860,1.12454,1.12499,280311.4375
11.07.2019 19:00:00.000 GMT-0500,1.12501,1.12751,1.12384,1.12708,247542.3906
13.07.2019 19:00:00.000 GMT-0500,1.12733,1.12748,1.12659,1.12713,6653.5698
14.07.2019 19:00:00.000 GMT-0500,1.12714,1.12841,1.12536,1.12600,213307.6094
15.07.2019 19:00:00.000 GMT-0500,1.12600,1.12637,1.12021,1.12120,260083.6719
16.07.2019 19:00:00.000 GMT-0500,1.12120,1.12338,1.12000,1.12275,218965.3906
17.07.2019 19:00:00.000 GMT-0500,1.12276,1.12822,1.12052,1.12613,317217.5
18.07.2019 19:00:00.000 GMT-0500,1.12611,1.12686,1.12037,1.12226,272755.8438
20.07.2019 19:00:00.000 GMT-0500,1.12176,1.12200,1.12145,1.12179,8373.2598
21.07.2019 19:00:00.000 GMT-0500,1.12179,1.12254,1.12040,1.12046,225836.9375
22.07.2019 19:00:00.000 GMT-0500,1.12046,1.12083,1.11460,1.11511,263101.25
23.07.2019 19:00:00.000 GMT-0500,1.11511,1.11560,1.11274,1.11422,264406.4063
24.07.2019 19:00:00.000 GMT-0500,1.11422,1.11880,1.11016,1.11450,348917.5
25.07.2019 19:00:00.000 GMT-0500,1.11450,1.11512,1.11122,1.11308,254319.5938
27.07.2019 19:00:00.000 GMT-0500,1.11265,1.11328,1.11250,1.11297,6113.29
28.07.2019 19:00:00.000 GMT-0500,1.11297,1.11512,1.11130,1.11425,223986.125
29.07.2019 19:00:00.000 GMT-0500,1.11425,1.11612,1.11322,1.11571,299458.125
30.07.2019 19:00:00.000 GMT-0500,1.11571,1.11623,1.10604,1.10718,345848.0313
31.07.2019 19:00:00.000 GMT-0500,1.10718,1.10960,1.10271,1.10793,462832.25
01.08.2019 19:00:00.000 GMT-0500,1.10791,1.11166,1.10701,1.11083,454703.6875
03.08.2019 19:00:00.000 GMT-0500,1.11084,1.11141,1.11048,1.11080,11398.7695
04.08.2019 19:00:00.000 GMT-0500,1.11081,1.12454,1.11068,1.12422,476579.375
05.08.2019 19:00:00.000 GMT-0500,1.12421,1.12498,1.11677,1.12056,434857.4063
06.08.2019 19:00:00.000 GMT-0500,1.12055,1.12421,1.11795,1.12043,453211.375
07.08.2019 19:00:00.000 GMT-0500,1.12042,1.12327,1.11773,1.11865,336385.6875
08.08.2019 19:00:00.000 GMT-0500,1.11864,1.12232,1.11835,1.12032,282580.3438
10.08.2019 19:00:00.000 GMT-0500,1.12002,1.12084,1.11990,1.12076,6330.1401
11.08.2019 19:00:00.000 GMT-0500,1.12076,1.12308,1.11622,1.12164,328061.875
12.08.2019 19:00:00.000 GMT-0500,1.12165,1.12287,1.11703,1.11767,582299
13.08.2019 19:00:00.000 GMT-0500,1.11767,1.11910,1.11308,1.11433,348017.0938
14.08.2019 19:00:00.000 GMT-0500,1.11433,1.11586,1.10916,1.11108,347129.1875
15.08.2019 19:00:00.000 GMT-0500,1.11109,1.11117,1.10665,1.10911,242321.3438
17.08.2019 19:00:00.000 GMT-0500,1.10946,1.11017,1.10900,1.10924,6905.4902
18.08.2019 19:00:00.000 GMT-0500,1.10922,1.11141,1.10763,1.10819,202657.9531
19.08.2019 19:00:00.000 GMT-0500,1.10821,1.11069,1.10658,1.10976,210011.2656
20.08.2019 19:00:00.000 GMT-0500,1.10976,1.11074,1.10809,1.10906,163403.4688
21.08.2019 19:00:00.000 GMT-0500,1.10906,1.11133,1.10638,1.10840,203994.3594
22.08.2019 19:00:00.000 GMT-0500,1.10840,1.11535,1.10519,1.11450,239483.5156
24.08.2019 19:00:00.000 GMT-0500,1.11541,1.11646,1.11426,1.11436,15733.9297
25.08.2019 19:00:00.000 GMT-0500,1.11435,1.11532,1.10944,1.11018,275333.9375
26.08.2019 19:00:00.000 GMT-0500,1.11016,1.11162,1.10859,1.10898,212908.7969
27.08.2019 19:00:00.000 GMT-0500,1.10899,1.10983,1.10734,1.10857,216699.1406
28.08.2019 19:00:00.000 GMT-0500,1.10859,1.10933,1.10422,1.10594,224535.8125
29.08.2019 19:00:00.000 GMT-0500,1.10594,1.10602,1.09635,1.09936,169814.2031
31.08.2019 19:00:00.000 GMT-0500,1.09897,1.09969,1.09844,1.09908,3249.71
01.09.2019 19:00:00.000 GMT-0500,1.09908,1.09936,1.09581,1.09645,45606.0391
02.09.2019 19:00:00.000 GMT-0500,1.09646,1.09790,1.09262,1.09729,135988.4063
03.09.2019 19:00:00.000 GMT-0500,1.09727,1.10386,1.09718,1.10351,161576.375
04.09.2019 19:00:00.000 GMT-0500,1.10351,1.10850,1.10169,1.10343,169420.9063
05.09.2019 19:00:00.000 GMT-0500,1.10342,1.10574,1.10205,1.10324,151164.5469
07.09.2019 19:00:00.000 GMT-0500,1.10279,1.10287,1.10199,1.10207,4002.6399
08.09.2019 19:00:00.000 GMT-0500,1.10206,1.10683,1.10157,1.10472,133857.1719
09.09.2019 19:00:00.000 GMT-0500,1.10474,1.10597,1.10307,1.10503,126173.5625
10.09.2019 19:00:00.000 GMT-0500,1.10503,1.10559,1.09855,1.10138,126395.6563
11.09.2019 19:00:00.000 GMT-0500,1.10137,1.10873,1.09269,1.10565,192528.7344
12.09.2019 19:00:00.000 GMT-0500,1.10565,1.11097,1.10565,1.10770,159544.5313
14.09.2019 19:00:00.000 GMT-0500,1.10752,1.10865,1.10706,1.10835,6187.7998
15.09.2019 19:00:00.000 GMT-0500,1.10834,1.10847,1.09936,1.10035,145822.4375
16.09.2019 19:00:00.000 GMT-0500,1.10034,1.10759,1.09904,1.10741,161108.5938
17.09.2019 19:00:00.000 GMT-0500,1.10742,1.10750,1.10140,1.10295,152989.7656
18.09.2019 19:00:00.000 GMT-0500,1.10295,1.10738,1.10231,1.10450,193029.5313
19.09.2019 19:00:00.000 GMT-0500,1.10447,1.10678,1.09965,1.10212,184300.7188
21.09.2019 19:00:00.000 GMT-0500,1.10181,1.10201,1.10134,1.10189,4010.3154
22.09.2019 19:00:00.000 GMT-0500,1.10189,1.10256,1.09664,1.09944,177783.1563
23.09.2019 19:00:00.000 GMT-0500,1.09940,1.10244,1.09839,1.10138,182626.4375
24.09.2019 19:00:00.000 GMT-0500,1.10138,1.10172,1.09376,1.09516,196370.0469
25.09.2019 19:00:00.000 GMT-0500,1.09516,1.09675,1.09089,1.09226,188501.6563
26.09.2019 19:00:00.000 GMT-0500,1.09226,1.09590,1.09049,1.09439,168250.0156
28.09.2019 19:00:00.000 GMT-0500,1.09441,1.09465,1.09397,1.09426,4038.0601
29.09.2019 19:00:00.000 GMT-0500,1.09425,1.09481,1.08850,1.08996,167787.1094
30.09.2019 19:00:00.000 GMT-0500,1.08996,1.09430,1.08793,1.09343,211105.8281
01.10.2019 19:00:00.000 GMT-0500,1.09343,1.09638,1.09044,1.09608,200281.9688
02.10.2019 19:00:00.000 GMT-0500,1.09608,1.09994,1.09411,1.09748,218474.8438
03.10.2019 19:00:00.000 GMT-0500,1.09747,1.09995,1.09572,1.09815,181144.4063
05.10.2019 19:00:00.000 GMT-0500,1.09849,1.09849,1.09754,1.09837,4578.8501
06.10.2019 19:00:00.000 GMT-0500,1.09837,1.10008,1.09622,1.09718,165687.6094
07.10.2019 19:00:00.000 GMT-0500,1.09719,1.09959,1.09413,1.09601,208462.5625
08.10.2019 19:00:00.000 GMT-0500,1.09601,1.09902,1.09550,1.09844,191600.2813
09.10.2019 19:00:00.000 GMT-0500,1.09844,1.10341,1.09799,1.10110,224421.8125
10.10.2019 19:00:00.000 GMT-0500,1.10109,1.10630,1.10009,1.10400,239795.0625
12.10.2019 19:00:00.000 GMT-0500,1.10399,1.10399,1.10254,1.10284,5736.915
13.10.2019 19:00:00.000 GMT-0500,1.10284,1.10428,1.10129,1.10262,151431.3281
14.10.2019 19:00:00.000 GMT-0500,1.10262,1.10463,1.09915,1.10346,223152.5156
15.10.2019 19:00:00.000 GMT-0500,1.10345,1.10857,1.10226,1.10740,223064.8906
16.10.2019 19:00:00.000 GMT-0500,1.10741,1.11400,1.10653,1.11249,222927.9531
17.10.2019 19:00:00.000 GMT-0500,1.11249,1.11727,1.11149,1.11723,138306.7188
19.10.2019 19:00:00.000 GMT-0500,1.11628,1.11644,1.11506,1.11562,7465.0986
20.10.2019 19:00:00.000 GMT-0500,1.11562,1.11795,1.11388,1.11519,120696.2813
21.10.2019 19:00:00.000 GMT-0500,1.11519,1.11570,1.11178,1.11291,128928.7969
22.10.2019 19:00:00.000 GMT-0500,1.11291,1.11406,1.11062,1.11324,119291.9766
23.10.2019 19:00:00.000 GMT-0500,1.11323,1.11630,1.10932,1.11038,175274.5781
24.10.2019 19:00:00.000 GMT-0500,1.11038,1.11231,1.10731,1.10813,101462.8281
26.10.2019 19:00:00.000 GMT-0500,1.10819,1.10842,1.10782,1.10842,2185.02
27.10.2019 18:00:00.000 GMT-0600,1.10841,1.11068,1.10763,1.10984,105907.4453
28.10.2019 18:00:00.000 GMT-0600,1.10983,1.11187,1.10737,1.11124,121052.8359
29.10.2019 18:00:00.000 GMT-0600,1.11124,1.11556,1.10802,1.11524,138375.9063
30.10.2019 18:00:00.000 GMT-0600,1.11525,1.11758,1.11315,1.11563,141794.4219
31.10.2019 18:00:00.000 GMT-0600,1.11563,1.11720,1.11284,1.11675,123147.0234
02.11.2019 18:00:00.000 GMT-0600,1.11705,1.11713,1.11644,1.11664,1545.2139
03.11.2019 18:00:00.000 GMT-0600,1.11662,1.11756,1.11221,1.11283,119559.9688
04.11.2019 18:00:00.000 GMT-0600,1.11282,1.11402,1.10637,1.10743,150360.9688
05.11.2019 18:00:00.000 GMT-0600,1.10742,1.10929,1.10652,1.10704,124951.5469
06.11.2019 18:00:00.000 GMT-0600,1.10703,1.10918,1.10361,1.10525,160184.7656
07.11.2019 18:00:00.000 GMT-0600,1.10527,1.10556,1.10168,1.10213,112367.6875
09.11.2019 18:00:00.000 GMT-0600,1.10251,1.10251,1.10198,1.10221,1112.5699
10.11.2019 18:00:00.000 GMT-0600,1.10220,1.10431,1.10165,1.10350,88618.3438
11.11.2019 18:00:00.000 GMT-0600,1.10349,1.10387,1.10026,1.10122,120422.7813
12.11.2019 18:00:00.000 GMT-0600,1.10123,1.10205,1.09955,1.10098,118150.3984
13.11.2019 18:00:00.000 GMT-0600,1.10099,1.10277,1.09893,1.10200,118918.1328
14.11.2019 18:00:00.000 GMT-0600,1.10200,1.10571,1.10147,1.10541,111245.0234
16.11.2019 18:00:00.000 GMT-0600,1.10529,1.10549,1.10506,1.10542,3878.8799
17.11.2019 18:00:00.000 GMT-0600,1.10541,1.10900,1.10536,1.10724,115104.9922
18.11.2019 18:00:00.000 GMT-0600,1.10726,1.10841,1.10627,1.10782,105853.1172
19.11.2019 18:00:00.000 GMT-0600,1.10783,1.10815,1.10531,1.10781,126812.0859
20.11.2019 18:00:00.000 GMT-0600,1.10782,1.10971,1.10524,1.10659,130104.0938
21.11.2019 18:00:00.000 GMT-0600,1.10659,1.10877,1.10146,1.10245,153857.125
23.11.2019 18:00:00.000 GMT-0600,1.10185,1.10228,1.10172,1.10228,2277.73
24.11.2019 18:00:00.000 GMT-0600,1.10229,1.10322,1.10037,1.10107,108178.3906
25.11.2019 18:00:00.000 GMT-0600,1.10109,1.10258,1.10072,1.10222,111974.9609
26.11.2019 18:00:00.000 GMT-0600,1.10224,1.10224,1.09924,1.10052,110442.4063
27.11.2019 18:00:00.000 GMT-0600,1.10051,1.10181,1.10006,1.10115,65950.7891
28.11.2019 18:00:00.000 GMT-0600,1.10116,1.10285,1.09813,1.10213,102703.1641
30.11.2019 18:00:00.000 GMT-0600,1.10247,1.10275,1.10171,1.10185,2670.1899
01.12.2019 18:00:00.000 GMT-0600,1.10183,1.10909,1.10031,1.10763,131644.0625
02.12.2019 18:00:00.000 GMT-0600,1.10763,1.10937,1.10662,1.10820,131796.4688
03.12.2019 18:00:00.000 GMT-0600,1.10820,1.11162,1.10668,1.10829,139895.25
04.12.2019 18:00:00.000 GMT-0600,1.10826,1.11082,1.10794,1.11042,125796.4688
05.12.2019 18:00:00.000 GMT-0600,1.11042,1.11099,1.10399,1.10630,120013.4609
07.12.2019 18:00:00.000 GMT-0600,1.10599,1.10608,1.10568,1.10585,1909.39
08.12.2019 18:00:00.000 GMT-0600,1.10585,1.10780,1.10534,1.10645,103873.3672
09.12.2019 18:00:00.000 GMT-0600,1.10645,1.10979,1.10631,1.10926,133276.9219
10.12.2019 18:00:00.000 GMT-0600,1.10925,1.11450,1.10703,1.11329,151971.0938
11.12.2019 18:00:00.000 GMT-0600,1.11329,1.11999,1.11031,1.11835,200035.8281
12.12.2019 18:00:00.000 GMT-0600,1.11836,1.11862,1.11122,1.11236,207694.3906
14.12.2019 18:00:00.000 GMT-0600,1.11302,1.11314,1.11229,1.11244,4502.8301
15.12.2019 18:00:00.000 GMT-0600,1.11243,1.11597,1.11232,1.11357,141406.2031
16.12.2019 18:00:00.000 GMT-0600,1.11358,1.11747,1.11295,1.11516,151121.5
17.12.2019 18:00:00.000 GMT-0600,1.11515,1.11515,1.11106,1.11157,137938.4844
18.12.2019 18:00:00.000 GMT-0600,1.11156,1.11444,1.11073,1.11235,154624.9688
19.12.2019 18:00:00.000 GMT-0600,1.11234,1.11239,1.10664,1.10812,124402.0234
21.12.2019 18:00:00.000 GMT-0600,1.10834,1.10836,1.10771,1.10806,2391.74
22.12.2019 18:00:00.000 GMT-0600,1.10804,1.10961,1.10701,1.10920,107400.7891
23.12.2019 18:00:00.000 GMT-0600,1.10922,1.10941,1.10693,1.10892,74916.4453
24.12.2019 18:00:00.000 GMT-0600,1.10895,1.10956,1.10750,1.10947,4954.8101
25.12.2019 18:00:00.000 GMT-0600,1.10948,1.11092,1.10825,1.11014,48974.9141
26.12.2019 18:00:00.000 GMT-0600,1.11015,1.11885,1.10989,1.11781,127881.3203
28.12.2019 18:00:00.000 GMT-0600,1.11820,1.11842,1.11736,1.11815,2824.2981
29.12.2019 18:00:00.000 GMT-0600,1.11815,1.12209,1.11807,1.12016,123050.9141
30.12.2019 18:00:00.000 GMT-0600,1.12014,1.12393,1.11989,1.12154,104096.0234
31.12.2019 18:00:00.000 GMT-0600,1.12158,1.12228,1.12156,1.12191,1560.8
01.01.2020 18:00:00.000 GMT-0600,1.12192,1.12247,1.11638,1.11711,282438.7435
02.01.2020 18:00:00.000 GMT-0600,1.11711,1.11800,1.11251,1.11626,222676.69149999996
04.01.2020 18:00:00.000 GMT-0600,1.11687,1.11703,1.11596,1.11608,4151.2301
05.01.2020 18:00:00.000 GMT-0600,1.11605,1.12058,1.11574,1.11956,136739.4951
06.01.2020 18:00:00.000 GMT-0600,1.11956,1.11972,1.11337,1.11543,148828.19019999998
07.01.2020 18:00:00.000 GMT-0600,1.11541,1.11685,1.11018,1.11132,194782.2411
08.01.2020 18:00:00.000 GMT-0600,1.11132,1.11206,1.10925,1.11095,140911.91969999997
09.01.2020 18:00:00.000 GMT-0600,1.11095,1.11293,1.10852,1.11256,167304.7788
11.01.2020 18:00:00.000 GMT-0600,1.11183,1.11219,1.11137,1.11165,2028.79
12.01.2020 18:00:00.000 GMT-0600,1.11163,1.11470,1.11127,1.11346,117054.52560000001
13.01.2020 18:00:00.000 GMT-0600,1.11347,1.11447,1.11046,1.11278,139189.9469
14.01.2020 18:00:00.000 GMT-0600,1.11278,1.11635,1.11186,1.11526,143030.07449999996
15.01.2020 18:00:00.000 GMT-0600,1.11527,1.11728,1.11281,1.11373,141964.11549999999
16.01.2020 18:00:00.000 GMT-0600,1.11372,1.11427,1.10863,1.10920,126249.58709999999
18.01.2020 18:00:00.000 GMT-0600,1.10940,1.10951,1.10891,1.10948,3716.6720000000005
19.01.2020 18:00:00.000 GMT-0600,1.10947,1.11024,1.10769,1.10965,83786.0156
20.01.2020 18:00:00.000 GMT-0600,1.10965,1.11181,1.10811,1.10853,125232.5843
21.01.2020 18:00:00.000 GMT-0600,1.10854,1.10985,1.10702,1.10959,129104.58
22.01.2020 18:00:00.000 GMT-0600,1.10959,1.11089,1.10365,1.10556,165082.3906
23.01.2020 18:00:00.000 GMT-0600,1.10557,1.10618,1.10197,1.10280,119120.73460000001
25.01.2020 18:00:00.000 GMT-0600,1.10355,1.10355,1.10248,1.10249,12802.570800000001
26.01.2020 18:00:00.000 GMT-0600,1.10248,1.10378,1.10098,1.10197,128362.6715
27.01.2020 18:00:00.000 GMT-0600,1.10196,1.10253,1.09980,1.10224,118449.294
28.01.2020 18:00:00.000 GMT-0600,1.10223,1.10278,1.09924,1.10140,122457.95090000001
29.01.2020 18:00:00.000 GMT-0600,1.10141,1.10395,1.10070,1.10289,138093.3972
30.01.2020 18:00:00.000 GMT-0600,1.10288,1.10961,1.10170,1.10952,143942.8853
01.02.2020 18:00:00.000 GMT-0600,1.10957,1.10957,1.10822,1.10894,4357.3699
02.02.2020 18:00:00.000 GMT-0600,1.10893,1.10893,1.10361,1.10626,135208.54590000003
03.02.2020 18:00:00.000 GMT-0600,1.10627,1.10643,1.10330,1.10449,116787.11140000002
04.02.2020 18:00:00.000 GMT-0600,1.10450,1.10481,1.09939,1.10006,126061.1599
05.02.2020 18:00:00.000 GMT-0600,1.10007,1.10142,1.09646,1.09810,94974.7153
06.02.2020 18:00:00.000 GMT-0600,1.09811,1.09852,1.09422,1.09476,123290.4997
08.02.2020 18:00:00.000 GMT-0600,1.09479,1.09509,1.09431,1.09495,3482.0349
09.02.2020 18:00:00.000 GMT-0600,1.09494,1.09578,1.09079,1.09104,102499.85399999999
10.02.2020 18:00:00.000 GMT-0600,1.09104,1.09257,1.08914,1.09194,95181.87979999998
11.02.2020 18:00:00.000 GMT-0600,1.09194,1.09258,1.08655,1.08758,368403.0964
12.02.2020 18:00:00.000 GMT-0600,1.08758,1.08890,1.08342,1.08416,569481.7037999999
13.02.2020 18:00:00.000 GMT-0600,1.08417,1.08614,1.08275,1.08331,603773.2766
15.02.2020 18:00:00.000 GMT-0600,1.08428,1.08428,1.08364,1.08415,3202.5101
16.02.2020 18:00:00.000 GMT-0600,1.08414,1.08511,1.08293,1.08370,138219.1392
17.02.2020 18:00:00.000 GMT-0600,1.08370,1.08374,1.07856,1.07951,170075.05990000002
18.02.2020 18:00:00.000 GMT-0600,1.07950,1.08119,1.07824,1.08100,106986.3494
19.02.2020 18:00:00.000 GMT-0600,1.08100,1.08214,1.07782,1.07879,135583.4801
20.02.2020 18:00:00.000 GMT-0600,1.07880,1.08637,1.07874,1.08482,140353.7339
22.02.2020 18:00:00.000 GMT-0600,1.08163,1.08422,1.08146,1.08389,7573.7495
23.02.2020 18:00:00.000 GMT-0600,1.08389,1.08722,1.08054,1.08488,170836.92440000002
24.02.2020 18:00:00.000 GMT-0600,1.08487,1.08905,1.08302,1.08800,176576.31220000001
25.02.2020 18:00:00.000 GMT-0600,1.08798,1.09091,1.08551,1.08867,190425.4073
26.02.2020 18:00:00.000 GMT-0600,1.08867,1.10066,1.08851,1.09967,217564.66859999995
27.02.2020 18:00:00.000 GMT-0600,1.09967,1.10532,1.09512,1.10289,243630.19740000006
29.02.2020 18:00:00.000 GMT-0600,1.10482,1.10741,1.10403,1.10520,7264.0599
01.03.2020 18:00:00.000 GMT-0600,1.10520,1.11848,1.10365,1.11447,243510.9651
02.03.2020 18:00:00.000 GMT-0600,1.11446,1.12141,1.10956,1.11767,220115.0041
03.03.2020 18:00:00.000 GMT-0600,1.11768,1.11877,1.10958,1.11386,168082.45690000002
04.03.2020 18:00:00.000 GMT-0600,1.11386,1.12450,1.11198,1.12228,432839.62640000007
05.03.2020 18:00:00.000 GMT-0600,1.12229,1.13549,1.12115,1.12867,234785.55939999997
07.03.2020 18:00:00.000 GMT-0600,1.13538,1.13967,1.13361,1.13881,18681.1625
08.03.2020 18:00:00.000 GMT-0600,1.13880,1.14961,1.13564,1.13997,290451.1694
09.03.2020 18:00:00.000 GMT-0600,1.13996,1.14260,1.12752,1.13143,250438.984
10.03.2020 18:00:00.000 GMT-0600,1.13144,1.13669,1.12510,1.12617,191937.23559999999
11.03.2020 18:00:00.000 GMT-0600,1.12617,1.13338,1.10551,1.11831,257404.48760000002
12.03.2020 18:00:00.000 GMT-0600,1.11831,1.12218,1.10553,1.11004,239999.2271
14.03.2020 18:00:00.000 GMT-0600,1.10779,1.12005,1.10779,1.11586,49214.284499999994
15.03.2020 18:00:00.000 GMT-0600,1.11585,1.12368,1.10853,1.11641,276842.56690000003
16.03.2020 18:00:00.000 GMT-0600,1.11640,1.11896,1.09553,1.10170,268465.85360000003
17.03.2020 18:00:00.000 GMT-0600,1.10171,1.10452,1.08022,1.09444,287825.2347000001
18.03.2020 18:00:00.000 GMT-0600,1.09451,1.09501,1.06551,1.06552,293148.01869999996
19.03.2020 18:00:00.000 GMT-0600,1.06552,1.08314,1.06377,1.07018,410066.6829
21.03.2020 18:00:00.000 GMT-0600,1.07144,1.07162,1.06364,1.06896,29465.738599999997
22.03.2020 18:00:00.000 GMT-0600,1.06896,1.08284,1.06588,1.07641,416087.1221
23.03.2020 18:00:00.000 GMT-0600,1.07636,1.08883,1.07462,1.07987,342807.92999999993
24.03.2020 18:00:00.000 GMT-0600,1.07987,1.08940,1.07607,1.08889,279906.79480000003
25.03.2020 18:00:00.000 GMT-0600,1.08889,1.10591,1.08750,1.10482,277547.5504
26.03.2020 18:00:00.000 GMT-0600,1.10483,1.11479,1.09536,1.11457,246771.256
28.03.2020 18:00:00.000 GMT-0600,1.11249,1.11443,1.11058,1.11371,7509.2510999999995
29.03.2020 18:00:00.000 GMT-0600,1.11369,1.11388,1.10103,1.10297,188934.1188
30.03.2020 18:00:00.000 GMT-0600,1.10297,1.10433,1.09269,1.10265,294896.2106
31.03.2020 18:00:00.000 GMT-0600,1.10266,1.10366,1.09029,1.09517,259440.1839
01.04.2020 18:00:00.000 GMT-0600,1.09517,1.09648,1.08208,1.08464,275472.16750000004
02.04.2020 18:00:00.000 GMT-0600,1.08464,1.08557,1.07729,1.07996,252310.964
04.04.2020 18:00:00.000 GMT-0600,1.08168,1.08228,1.08046,1.08060,21899.2655
05.04.2020 19:00:00.000 GMT-0500,1.08058,1.08357,1.07686,1.07993,256696.65149999998
06.04.2020 19:00:00.000 GMT-0500,1.07994,1.09268,1.07907,1.08937,261540.5728
07.04.2020 19:00:00.000 GMT-0500,1.08937,1.08972,1.08302,1.08602,222656.09349999996
08.04.2020 19:00:00.000 GMT-0500,1.08602,1.09518,1.08411,1.09232,267797.3261
09.04.2020 19:00:00.000 GMT-0500,1.09232,1.09532,1.09206,1.09419,114432.47300000001
11.04.2020 19:00:00.000 GMT-0500,1.09499,1.09499,1.09307,1.09319,9061.7317
12.04.2020 19:00:00.000 GMT-0500,1.09319,1.09681,1.08929,1.09200,173633.8499
13.04.2020 19:00:00.000 GMT-0500,1.09198,1.09920,1.09151,1.09835,234252.67260000002
14.04.2020 19:00:00.000 GMT-0500,1.09834,1.09875,1.08567,1.09040,238102.9801
15.04.2020 19:00:00.000 GMT-0500,1.09040,1.09076,1.08169,1.08590,269271.8788
16.04.2020 19:00:00.000 GMT-0500,1.08591,1.08929,1.08123,1.08786,231881.8304
18.04.2020 19:00:00.000 GMT-0500,1.08751,1.08808,1.08639,1.08640,9819.449100000002
19.04.2020 19:00:00.000 GMT-0500,1.08641,1.08969,1.08414,1.08641,211875.6104
20.04.2020 19:00:00.000 GMT-0500,1.08641,1.08805,1.08168,1.08566,252783.89029999997
21.04.2020 19:00:00.000 GMT-0500,1.08567,1.08853,1.08034,1.08065,200624.5471
22.04.2020 19:00:00.000 GMT-0500,1.08066,1.08470,1.07562,1.07748,273635.30040000007
23.04.2020 19:00:00.000 GMT-0500,1.07747,1.08301,1.07273,1.08245,225307.2984000001
25.04.2020 19:00:00.000 GMT-0500,1.08242,1.08246,1.08149,1.08212,5298.8205
26.04.2020 19:00:00.000 GMT-0500,1.08212,1.08604,1.08116,1.08248,203953.76970000003
27.04.2020 19:00:00.000 GMT-0500,1.08246,1.08886,1.08099,1.08328,209721.9613
28.04.2020 19:00:00.000 GMT-0500,1.08326,1.08858,1.08311,1.08776,218608.81850000005
29.04.2020 19:00:00.000 GMT-0500,1.08775,1.09727,1.08332,1.09452,289863.8547000001
30.04.2020 19:00:00.000 GMT-0500,1.09451,1.10190,1.09348,1.09829,186589.42019999996
02.05.2020 19:00:00.000 GMT-0500,1.09755,1.09759,1.09532,1.09612,11685.5798
03.05.2020 19:00:00.000 GMT-0500,1.09611,1.09611,1.08959,1.09036,200254.49120000002
04.05.2020 19:00:00.000 GMT-0500,1.09036,1.09262,1.08262,1.08388,225665.80889999995
05.05.2020 19:00:00.000 GMT-0500,1.08388,1.08442,1.07821,1.07983,224365.21600000007
06.05.2020 19:00:00.000 GMT-0500,1.07984,1.08412,1.07667,1.08366,224384.5709
07.05.2020 19:00:00.000 GMT-0500,1.08362,1.08758,1.08153,1.08419,165817.53969999996
09.05.2020 19:00:00.000 GMT-0500,1.08287,1.08410,1.08254,1.08382,7867.219999999999
10.05.2020 19:00:00.000 GMT-0500,1.08381,1.08507,1.08010,1.08096,207997.7655
11.05.2020 19:00:00.000 GMT-0500,1.08095,1.08853,1.07846,1.08459,153324.61040000003
12.05.2020 19:00:00.000 GMT-0500,1.08459,1.08967,1.08118,1.08214,153761.29560000004
13.05.2020 19:00:00.000 GMT-0500,1.08213,1.08242,1.07751,1.08064,117488.70359999998
14.05.2020 19:00:00.000 GMT-0500,1.08064,1.08510,1.07892,1.08198,130958.7392
16.05.2020 19:00:00.000 GMT-0500,1.08155,1.08236,1.08116,1.08189,6476.1626
17.05.2020 19:00:00.000 GMT-0500,1.08188,1.09272,1.08001,1.09143,199194.026
18.05.2020 19:00:00.000 GMT-0500,1.09140,1.09763,1.09024,1.09263,236662.77909999999
19.05.2020 19:00:00.000 GMT-0500,1.09264,1.09992,1.09264,1.09799,212932.9911
20.05.2020 19:00:00.000 GMT-0500,1.09797,1.10086,1.09374,1.09494,214879.3701
21.05.2020 19:00:00.000 GMT-0500,1.09494,1.09539,1.08855,1.09063,184402.83930000002
23.05.2020 19:00:00.000 GMT-0500,1.08973,1.09086,1.08963,1.09083,4555.382299999999
24.05.2020 19:00:00.000 GMT-0500,1.09083,1.09147,1.08707,1.09019,117597.04420000003
25.05.2020 19:00:00.000 GMT-0500,1.09019,1.09960,1.08970,1.09787,221915.4388
26.05.2020 19:00:00.000 GMT-0500,1.09788,1.10311,1.09342,1.10169,339215.8879
27.05.2020 19:00:00.000 GMT-0500,1.10168,1.10937,1.09919,1.10782,290715.48260000005
28.05.2020 19:00:00.000 GMT-0500,1.10780,1.11452,1.10702,1.11071,330692.3901
30.05.2020 19:00:00.000 GMT-0500,1.11213,1.11217,1.11028,1.11158,10126.417399999998
31.05.2020 19:00:00.000 GMT-0500,1.11158,1.11541,1.11007,1.11255,267258.7549999999